datetime,equity
2025-07-10 11:15:00,1000.0
2025-07-10 11:20:00,1000.0
2025-07-10 11:25:00,1000.0
2025-07-10 11:30:00,1000.0
2025-07-10 11:35:00,1000.0
2025-07-10 11:40:00,1000.0
2025-07-10 11:45:00,1000.0
2025-07-10 11:50:00,1000.0
2025-07-10 11:55:00,1000.0
2025-07-10 12:00:00,1000.0
2025-07-10 12:05:00,1000.0
2025-07-10 12:10:00,1000.0
2025-07-10 12:15:00,1000.0
2025-07-10 12:20:00,1000.0
2025-07-10 12:25:00,1000.0
2025-07-10 12:30:00,1000.0
2025-07-10 12:35:00,1000.0
2025-07-10 12:40:00,1000.0
2025-07-10 12:45:00,1000.0
2025-07-10 12:50:00,1000.0
2025-07-10 12:55:00,1000.0
2025-07-10 13:00:00,1000.0
2025-07-10 13:05:00,1000.0
2025-07-10 13:10:00,1000.0
2025-07-10 13:15:00,1000.0
2025-07-10 13:20:00,1000.0
2025-07-10 13:25:00,1000.0
2025-07-10 13:30:00,1000.0
2025-07-10 13:35:00,1000.0
2025-07-10 13:40:00,1000.0
2025-07-10 13:45:00,1000.0
2025-07-10 13:50:00,1000.0
2025-07-10 13:55:00,1000.0
2025-07-10 14:00:00,1000.0
2025-07-10 14:05:00,1000.0
2025-07-10 14:10:00,1000.0
2025-07-10 14:15:00,1000.0
2025-07-10 14:20:00,1000.0
2025-07-10 14:25:00,1000.0
2025-07-10 14:30:00,1000.0
2025-07-10 14:35:00,1000.0
2025-07-10 14:40:00,1000.0
2025-07-10 14:45:00,1000.0
2025-07-10 14:50:00,1000.0
2025-07-10 14:55:00,1000.0
2025-07-10 15:00:00,1000.0
2025-07-10 15:05:00,1000.0
2025-07-10 15:10:00,1000.0
2025-07-10 15:15:00,1000.0
2025-07-10 15:20:00,1000.0
2025-07-10 15:25:00,1000.0
2025-07-10 15:30:00,1000.0
2025-07-10 15:35:00,1000.0
2025-07-10 15:40:00,1000.0
2025-07-10 15:45:00,1000.0
2025-07-10 15:50:00,1000.0
2025-07-10 15:55:00,1000.0
2025-07-10 16:00:00,1000.0
2025-07-11 09:35:00,1000.0
2025-07-11 09:40:00,1000.0
2025-07-11 09:45:00,1000.0
2025-07-11 09:50:00,1000.0
2025-07-11 09:55:00,1000.0
2025-07-11 10:00:00,1000.0
2025-07-11 10:05:00,1000.0
2025-07-11 10:10:00,1000.0
2025-07-11 10:15:00,1000.0
2025-07-11 10:20:00,1000.0
2025-07-11 10:25:00,1000.0
2025-07-11 10:30:00,1000.0
2025-07-11 10:35:00,1000.0
2025-07-11 10:40:00,1000.0
2025-07-11 10:45:00,1000.0
2025-07-11 10:50:00,1000.0
2025-07-11 10:55:00,1000.0
2025-07-11 11:00:00,1000.0
2025-07-11 11:05:00,1000.0
2025-07-11 11:10:00,1000.0
2025-07-11 11:15:00,1000.0
2025-07-11 11:20:00,1000.0
2025-07-11 11:25:00,1000.0
2025-07-11 11:30:00,1000.0
2025-07-11 11:35:00,1000.0
2025-07-11 11:40:00,1000.0
2025-07-11 11:45:00,1000.0
2025-07-11 11:50:00,1000.0
2025-07-11 11:55:00,1000.0
2025-07-11 12:00:00,1000.0
2025-07-11 12:05:00,1000.0
2025-07-11 12:10:00,1000.0
2025-07-11 12:15:00,1000.0
2025-07-11 12:20:00,1000.0
2025-07-11 12:25:00,1000.0
2025-07-11 12:30:00,1000.0
2025-07-11 12:35:00,1000.0
2025-07-11 12:40:00,1000.0
2025-07-11 12:45:00,1000.0
2025-07-11 12:50:00,1000.0
2025-07-11 12:55:00,1000.0
2025-07-11 13:00:00,1000.0
2025-07-11 13:05:00,1000.0
2025-07-11 13:10:00,1000.0
2025-07-11 13:15:00,1000.0
2025-07-11 13:20:00,1000.0
2025-07-11 13:25:00,1000.0
2025-07-11 13:30:00,1000.0
2025-07-11 13:35:00,1000.0
2025-07-11 13:40:00,1000.0
2025-07-11 13:45:00,1000.0
2025-07-11 13:50:00,1000.0
2025-07-11 13:55:00,1000.0
2025-07-11 14:00:00,1000.0
2025-07-11 14:05:00,1000.0
2025-07-11 14:10:00,1000.0
2025-07-11 14:15:00,1000.0
2025-07-11 14:20:00,1000.0
2025-07-11 14:25:00,1000.0
2025-07-11 14:30:00,1000.0
2025-07-11 14:35:00,1000.0
2025-07-11 14:40:00,1000.0
2025-07-11 14:45:00,1000.0
2025-07-11 14:50:00,1000.0
2025-07-11 14:55:00,1000.0
2025-07-11 15:00:00,1000.0
2025-07-11 15:05:00,1000.0
2025-07-11 15:10:00,1000.0
2025-07-11 15:15:00,1000.0
2025-07-11 15:20:00,1000.0
2025-07-11 15:25:00,1000.0
2025-07-11 15:30:00,1000.0
2025-07-11 15:35:00,1000.0
2025-07-11 15:40:00,1000.0
2025-07-11 15:45:00,1000.0
2025-07-11 15:50:00,1000.0
2025-07-11 15:55:00,1000.0
2025-07-11 16:00:00,1000.0
2025-07-14 09:35:00,1000.0
2025-07-14 09:40:00,1000.0
2025-07-14 09:45:00,1000.0
2025-07-14 09:50:00,1000.0
2025-07-14 09:55:00,1000.0
2025-07-14 10:00:00,1000.0
2025-07-14 10:05:00,1000.0
2025-07-14 10:10:00,1000.0
2025-07-14 10:15:00,1000.0
2025-07-14 10:20:00,1000.0
2025-07-14 10:25:00,1000.0
2025-07-14 10:30:00,1000.0
2025-07-14 10:35:00,1000.0
2025-07-14 10:40:00,1000.0
2025-07-14 10:45:00,1000.0
2025-07-14 10:50:00,1000.0
2025-07-14 10:55:00,1000.0
2025-07-14 11:00:00,1000.0
2025-07-14 11:05:00,1000.0
2025-07-14 11:10:00,1000.0
2025-07-14 11:15:00,1000.0
2025-07-14 11:20:00,1000.0
2025-07-14 11:25:00,1000.0
2025-07-14 11:30:00,1000.0
2025-07-14 11:35:00,1000.0
2025-07-14 11:40:00,1000.0
2025-07-14 11:45:00,1000.0
2025-07-14 11:50:00,1000.0
2025-07-14 11:55:00,1000.0
2025-07-14 12:00:00,1000.0
2025-07-14 12:05:00,1000.0
2025-07-14 12:10:00,1000.0
2025-07-14 12:15:00,1000.0
2025-07-14 12:20:00,1000.0
2025-07-14 12:25:00,1000.0
2025-07-14 12:30:00,1000.0
2025-07-14 12:35:00,1000.0
2025-07-14 12:40:00,1000.0
2025-07-14 12:45:00,1000.0
2025-07-14 12:50:00,1000.0
2025-07-14 12:55:00,1000.0
2025-07-14 13:00:00,1000.0
2025-07-14 13:05:00,1000.0
2025-07-14 13:10:00,1000.0
2025-07-14 13:15:00,1000.0
2025-07-14 13:20:00,1000.0
2025-07-14 13:25:00,1000.0
2025-07-14 13:30:00,1000.0
2025-07-14 13:35:00,1000.0
2025-07-14 13:40:00,1000.0
2025-07-14 13:45:00,1000.0
2025-07-14 13:50:00,1000.0
2025-07-14 13:55:00,1000.0
2025-07-14 14:00:00,1000.0
2025-07-14 14:05:00,1000.0
2025-07-14 14:10:00,1000.0
2025-07-14 14:15:00,1000.0
2025-07-14 14:20:00,1000.0
2025-07-14 14:25:00,1000.0
2025-07-14 14:30:00,1000.0
2025-07-14 14:35:00,1000.0
2025-07-14 14:40:00,1000.0
2025-07-14 14:45:00,1000.0
2025-07-14 14:50:00,1000.0
2025-07-14 14:55:00,1000.0
2025-07-14 15:00:00,1000.0
2025-07-14 15:05:00,1000.0
2025-07-14 15:10:00,1000.0
2025-07-14 15:15:00,1000.0
2025-07-14 15:20:00,1000.0
2025-07-14 15:25:00,1000.0
2025-07-14 15:30:00,1000.0
2025-07-14 15:35:00,1000.0
2025-07-14 15:40:00,1000.0
2025-07-14 15:45:00,1000.0
2025-07-14 15:50:00,1000.0
2025-07-14 15:55:00,1000.0
2025-07-14 16:00:00,1000.0
2025-07-15 09:35:00,1000.0
2025-07-15 09:40:00,1000.0
2025-07-15 09:45:00,1000.0
2025-07-15 09:50:00,1000.0
2025-07-15 09:55:00,1000.0
2025-07-15 10:00:00,1000.0
2025-07-15 10:05:00,1000.0
2025-07-15 10:10:00,1000.0
2025-07-15 10:15:00,1000.0
2025-07-15 10:20:00,1000.0
2025-07-15 10:25:00,1000.0
2025-07-15 10:30:00,1000.0
2025-07-15 10:35:00,1000.0
2025-07-15 10:40:00,1000.0
2025-07-15 10:45:00,1000.0
2025-07-15 10:50:00,1000.0
2025-07-15 10:55:00,1000.0
2025-07-15 11:00:00,1000.0
2025-07-15 11:05:00,1000.0
2025-07-15 11:10:00,1000.0
2025-07-15 11:15:00,1000.0
2025-07-15 11:20:00,1000.0
2025-07-15 11:25:00,1000.0
2025-07-15 11:30:00,1000.0
2025-07-15 11:35:00,1000.0
2025-07-15 11:40:00,1000.0
2025-07-15 11:45:00,1000.0
2025-07-15 11:50:00,1000.0
2025-07-15 11:55:00,1000.0
2025-07-15 12:00:00,1000.0
2025-07-15 12:05:00,1000.0
2025-07-15 12:10:00,1000.0
2025-07-15 12:15:00,1000.0
2025-07-15 12:20:00,1000.0
2025-07-15 12:25:00,1000.0
2025-07-15 12:30:00,1000.0
2025-07-15 12:35:00,1000.0
2025-07-15 12:40:00,1000.0
2025-07-15 12:45:00,1000.0
2025-07-15 12:50:00,1000.0
2025-07-15 12:55:00,1000.0
2025-07-15 13:00:00,1000.0
2025-07-15 13:05:00,1000.0
2025-07-15 13:10:00,1000.0
2025-07-15 13:15:00,1000.0
2025-07-15 13:20:00,1000.0
2025-07-15 13:25:00,1000.0
2025-07-15 13:30:00,1000.0
2025-07-15 13:35:00,1000.0
2025-07-15 13:40:00,1000.0
2025-07-15 13:45:00,1000.0
2025-07-15 13:50:00,1000.0
2025-07-15 13:55:00,1000.0
2025-07-15 14:00:00,1000.0
2025-07-15 14:05:00,1000.0
2025-07-15 14:10:00,1000.0
2025-07-15 14:15:00,1000.0
2025-07-15 14:20:00,1000.0
2025-07-15 14:25:00,1000.0
2025-07-15 14:30:00,1000.0
2025-07-15 14:35:00,1000.0
2025-07-15 14:40:00,1000.0
2025-07-15 14:45:00,1000.0
2025-07-15 14:50:00,1000.0
2025-07-15 14:55:00,1000.0
2025-07-15 15:00:00,1000.0
2025-07-15 15:05:00,1000.0
2025-07-15 15:10:00,1000.0
2025-07-15 15:15:00,1000.0
2025-07-15 15:20:00,1000.0
2025-07-15 15:25:00,1000.0
2025-07-15 15:30:00,1000.0
2025-07-15 15:35:00,1000.0
2025-07-15 15:40:00,1000.0
2025-07-15 15:45:00,1000.0
2025-07-15 15:50:00,1000.0
2025-07-15 15:55:00,1000.0
2025-07-15 16:00:00,1000.0
2025-07-16 09:35:00,1000.0
2025-07-16 09:40:00,1000.0
2025-07-16 09:45:00,1000.0
2025-07-16 09:50:00,1000.0
2025-07-16 09:55:00,1000.0
2025-07-16 10:00:00,1000.0
2025-07-16 10:05:00,1000.0
2025-07-16 10:10:00,1000.0
2025-07-16 10:15:00,1000.0
2025-07-16 10:20:00,1000.0
2025-07-16 10:25:00,1000.0
2025-07-16 10:30:00,1000.0
2025-07-16 10:35:00,1000.0
2025-07-16 10:40:00,1000.0
2025-07-16 10:45:00,1000.0
2025-07-16 10:50:00,1000.0
2025-07-16 10:55:00,1000.0
2025-07-16 11:00:00,1000.0
2025-07-16 11:05:00,1000.0
2025-07-16 11:10:00,1000.0
2025-07-16 11:15:00,1000.0
2025-07-16 11:20:00,1000.0
2025-07-16 11:25:00,1000.0
2025-07-16 11:30:00,1000.0
2025-07-16 11:35:00,1000.0
2025-07-16 11:40:00,1000.0
2025-07-16 11:45:00,1000.0
2025-07-16 11:50:00,1000.0
2025-07-16 11:55:00,1000.0
2025-07-16 12:00:00,1000.0
2025-07-16 12:05:00,1000.0
2025-07-16 12:10:00,1000.0
2025-07-16 12:15:00,1000.0
2025-07-16 12:20:00,1000.0
2025-07-16 12:25:00,1000.0
2025-07-16 12:30:00,1000.0
2025-07-16 12:35:00,1000.0
2025-07-16 12:40:00,1000.0
2025-07-16 12:45:00,1000.0
2025-07-16 12:50:00,1000.0
2025-07-16 12:55:00,1000.0
2025-07-16 13:00:00,1000.0
2025-07-16 13:05:00,1000.0
2025-07-16 13:10:00,1000.0
2025-07-16 13:15:00,1000.0
2025-07-16 13:20:00,1000.0
2025-07-16 13:25:00,1000.0
2025-07-16 13:30:00,1000.0
2025-07-16 13:35:00,1000.0
2025-07-16 13:40:00,1000.0
2025-07-16 13:45:00,1000.0
2025-07-16 13:50:00,1000.0
2025-07-16 13:55:00,1000.0
2025-07-16 14:00:00,1000.0
2025-07-16 14:05:00,1000.0
2025-07-16 14:10:00,1000.0
2025-07-16 14:15:00,1000.0
2025-07-16 14:20:00,1000.0
2025-07-16 14:25:00,1000.0
2025-07-16 14:30:00,1000.0
2025-07-16 14:35:00,1000.0
2025-07-16 14:40:00,1000.0
2025-07-16 14:45:00,1000.0
2025-07-16 14:50:00,1000.0
2025-07-16 14:55:00,1000.0
2025-07-16 15:00:00,1000.0
2025-07-16 15:05:00,1000.0
2025-07-16 15:10:00,1000.0
2025-07-16 15:15:00,1000.0
2025-07-16 15:20:00,1000.0
2025-07-16 15:25:00,1000.0
2025-07-16 15:30:00,1000.0
2025-07-16 15:35:00,1000.0
2025-07-16 15:40:00,1000.0
2025-07-16 15:45:00,1000.0
2025-07-16 15:50:00,1000.0
2025-07-16 15:55:00,1000.0
2025-07-16 16:00:00,1000.0
2025-07-17 09:35:00,1000.0
2025-07-17 09:40:00,1000.0
2025-07-17 09:45:00,1000.0
2025-07-17 09:50:00,1000.0
2025-07-17 09:55:00,1000.0
2025-07-17 10:00:00,1000.0
2025-07-17 10:05:00,1000.0
2025-07-17 10:10:00,1000.0
2025-07-17 10:15:00,1000.0
2025-07-17 10:20:00,1000.0
2025-07-17 10:25:00,1000.0
2025-07-17 10:30:00,1000.0
2025-07-17 10:35:00,1000.0
2025-07-17 10:40:00,1000.0
2025-07-17 10:45:00,1000.0
2025-07-17 10:50:00,1000.0
2025-07-17 10:55:00,1000.0
2025-07-17 11:00:00,1000.0
2025-07-17 11:05:00,1000.0
2025-07-17 11:10:00,1000.0
2025-07-17 11:15:00,1000.0
2025-07-17 11:20:00,1000.0
2025-07-17 11:25:00,1000.0
2025-07-17 11:30:00,1000.0
2025-07-17 11:35:00,1000.0
2025-07-17 11:40:00,1000.0
2025-07-17 11:45:00,1000.0
2025-07-17 11:50:00,1000.0
2025-07-17 11:55:00,1000.0
2025-07-17 12:00:00,1000.0
2025-07-17 12:05:00,1000.0
2025-07-17 12:10:00,1000.0
2025-07-17 12:15:00,1000.0
2025-07-17 12:20:00,1000.0
2025-07-17 12:25:00,1000.0
2025-07-17 12:30:00,1000.0
2025-07-17 12:35:00,1000.0
2025-07-17 12:40:00,1000.0
2025-07-17 12:45:00,1000.0
2025-07-17 12:50:00,1000.0
2025-07-17 12:55:00,1000.0
2025-07-17 13:00:00,1000.0
2025-07-17 13:05:00,1000.0
2025-07-17 13:10:00,1000.0
2025-07-17 13:15:00,1000.0
2025-07-17 13:20:00,1000.0
2025-07-17 13:25:00,1000.0
2025-07-17 13:30:00,1000.0
2025-07-17 13:35:00,1000.0
2025-07-17 13:40:00,1000.0
2025-07-17 13:45:00,1000.0
2025-07-17 13:50:00,1000.0
2025-07-17 13:55:00,1000.0
2025-07-17 14:00:00,1000.0
2025-07-17 14:05:00,1000.0
2025-07-17 14:10:00,1000.0
2025-07-17 14:15:00,1000.0
2025-07-17 14:20:00,1000.0
2025-07-17 14:25:00,1000.0
2025-07-17 14:30:00,1000.0
2025-07-17 14:35:00,1000.0
2025-07-17 14:40:00,1000.0
2025-07-17 14:45:00,1000.0
2025-07-17 14:50:00,1000.0
2025-07-17 14:55:00,1000.0
2025-07-17 15:00:00,1000.0
2025-07-17 15:05:00,1000.0
2025-07-17 15:10:00,1000.0
2025-07-17 15:15:00,1000.0
2025-07-17 15:20:00,1000.0
2025-07-17 15:25:00,1000.0
2025-07-17 15:30:00,1000.0
2025-07-17 15:35:00,1000.0
2025-07-17 15:40:00,1000.0
2025-07-17 15:45:00,1000.0
2025-07-17 15:50:00,1000.0
2025-07-17 15:55:00,1000.0
2025-07-17 16:00:00,1000.0
2025-07-18 09:35:00,1000.0
2025-07-18 09:40:00,1000.0
2025-07-18 09:45:00,1000.0
2025-07-18 09:50:00,1000.0
2025-07-18 09:55:00,1000.0
2025-07-18 10:00:00,1000.0
2025-07-18 10:05:00,1000.0
2025-07-18 10:10:00,1000.0
2025-07-18 10:15:00,1000.0
2025-07-18 10:20:00,1000.0
2025-07-18 10:25:00,1000.0
2025-07-18 10:30:00,1000.0
2025-07-18 10:35:00,1000.0
2025-07-18 10:40:00,1000.0
2025-07-18 10:45:00,1000.0
2025-07-18 10:50:00,1000.0
2025-07-18 10:55:00,1000.0
2025-07-18 11:00:00,1000.0
2025-07-18 11:05:00,1000.0
2025-07-18 11:10:00,1000.0
2025-07-18 11:15:00,1000.0
2025-07-18 11:20:00,1000.0
2025-07-18 11:25:00,1000.0
2025-07-18 11:30:00,1000.0
2025-07-18 11:35:00,1000.0
2025-07-18 11:40:00,1000.0
2025-07-18 11:45:00,1000.0
2025-07-18 11:50:00,1000.0
2025-07-18 11:55:00,1000.0
2025-07-18 12:00:00,1000.0
2025-07-18 12:05:00,1000.0
2025-07-18 12:10:00,1000.0
2025-07-18 12:15:00,1000.0
2025-07-18 12:20:00,1000.0
2025-07-18 12:25:00,1000.0
2025-07-18 12:30:00,1000.0
2025-07-18 12:35:00,1000.0
2025-07-18 12:40:00,1000.0
2025-07-18 12:45:00,1000.0
2025-07-18 12:50:00,1000.0
2025-07-18 12:55:00,1000.0
2025-07-18 13:00:00,1000.0
2025-07-18 13:05:00,1000.0
2025-07-18 13:10:00,1000.0
2025-07-18 13:15:00,1000.0
2025-07-18 13:20:00,1000.0
2025-07-18 13:25:00,1000.0
2025-07-18 13:30:00,1000.0
2025-07-18 13:35:00,1000.0
2025-07-18 13:40:00,1000.0
2025-07-18 13:45:00,1000.0
2025-07-18 13:50:00,1000.0
2025-07-18 13:55:00,1000.0
2025-07-18 14:00:00,1000.0
2025-07-18 14:05:00,1000.0
2025-07-18 14:10:00,1000.0
2025-07-18 14:15:00,1000.0
2025-07-18 14:20:00,1000.0
2025-07-18 14:25:00,1000.0
2025-07-18 14:30:00,1000.0
2025-07-18 14:35:00,1000.0
2025-07-18 14:40:00,1000.0
2025-07-18 14:45:00,1000.0
2025-07-18 14:50:00,1000.0
2025-07-18 14:55:00,1000.0
2025-07-18 15:00:00,1000.0
2025-07-18 15:05:00,1000.0
2025-07-18 15:10:00,1000.0
2025-07-18 15:15:00,1000.0
2025-07-18 15:20:00,1000.0
2025-07-18 15:25:00,1000.0
2025-07-18 15:30:00,1000.0
2025-07-18 15:35:00,1000.0
2025-07-18 15:40:00,1000.0
2025-07-18 15:45:00,1000.0
2025-07-18 15:50:00,1000.0
2025-07-18 15:55:00,1000.0
2025-07-18 16:00:00,1000.0
2025-07-21 09:35:00,1000.0
2025-07-21 09:40:00,1000.0
2025-07-21 09:45:00,1000.0
2025-07-21 09:50:00,1000.0
2025-07-21 09:55:00,1000.0
2025-07-21 10:00:00,1000.0
2025-07-21 10:05:00,1000.0
2025-07-21 10:10:00,1000.0
2025-07-21 10:15:00,1000.0
2025-07-21 10:20:00,1000.0
2025-07-21 10:25:00,1000.0
2025-07-21 10:30:00,1000.0
2025-07-21 10:35:00,1000.0
2025-07-21 10:40:00,1000.0
2025-07-21 10:45:00,1000.0
2025-07-21 10:50:00,1000.0
2025-07-21 10:55:00,1000.0
2025-07-21 11:00:00,1000.0
2025-07-21 11:05:00,1000.0
2025-07-21 11:10:00,1000.0
2025-07-21 11:15:00,1000.0
2025-07-21 11:20:00,1000.0
2025-07-21 11:25:00,1000.0
2025-07-21 11:30:00,1000.0
2025-07-21 11:35:00,1000.0
2025-07-21 11:40:00,1000.0
2025-07-21 11:45:00,1000.0
2025-07-21 11:50:00,1000.0
2025-07-21 11:55:00,1000.0
2025-07-21 12:00:00,1000.0
2025-07-21 12:05:00,1000.0
2025-07-21 12:10:00,1000.0
2025-07-21 12:15:00,1000.0
2025-07-21 12:20:00,1000.0
2025-07-21 12:25:00,1000.0
2025-07-21 12:30:00,1000.0
2025-07-21 12:35:00,1000.0
2025-07-21 12:40:00,1000.0
2025-07-21 12:45:00,1000.0
2025-07-21 12:50:00,1000.0
2025-07-21 12:55:00,1000.0
2025-07-21 13:00:00,1000.0
2025-07-21 13:05:00,1000.0
2025-07-21 13:10:00,1000.0
2025-07-21 13:15:00,1000.0
2025-07-21 13:20:00,1000.0
2025-07-21 13:25:00,1000.0
2025-07-21 13:30:00,1000.0
2025-07-21 13:35:00,1000.0
2025-07-21 13:40:00,1000.0
2025-07-21 13:45:00,1000.0
2025-07-21 13:50:00,1000.0
2025-07-21 13:55:00,1000.0
2025-07-21 14:00:00,1000.0
2025-07-21 14:05:00,1000.0
2025-07-21 14:10:00,1000.0
2025-07-21 14:15:00,1000.0
2025-07-21 14:20:00,1000.0
2025-07-21 14:25:00,1000.0
2025-07-21 14:30:00,1000.0
2025-07-21 14:35:00,1000.0
2025-07-21 14:40:00,1000.0
2025-07-21 14:45:00,1000.0
2025-07-21 14:50:00,1000.0
2025-07-21 14:55:00,1000.0
2025-07-21 15:00:00,1000.0
2025-07-21 15:05:00,1000.0
2025-07-21 15:10:00,1000.0
2025-07-21 15:15:00,1000.0
2025-07-21 15:20:00,1000.0
2025-07-21 15:25:00,1000.0
2025-07-21 15:30:00,1000.0
2025-07-21 15:35:00,1000.0
2025-07-21 15:40:00,1000.0
2025-07-21 15:45:00,1000.0
2025-07-21 15:50:00,1000.0
2025-07-21 15:55:00,1000.0
2025-07-21 16:00:00,1000.0
2025-07-22 09:35:00,1000.0
2025-07-22 09:40:00,1000.0
2025-07-22 09:45:00,1000.0
2025-07-22 09:50:00,1000.0
2025-07-22 09:55:00,1000.0
2025-07-22 10:00:00,1000.0
2025-07-22 10:05:00,1000.0
2025-07-22 10:10:00,1000.0
2025-07-22 10:15:00,1000.0
2025-07-22 10:20:00,1000.0
2025-07-22 10:25:00,1000.0
2025-07-22 10:30:00,1000.0
2025-07-22 10:35:00,1000.0
2025-07-22 10:40:00,1000.0
2025-07-22 10:45:00,1000.0
2025-07-22 10:50:00,1000.0
2025-07-22 10:55:00,1000.0
2025-07-22 11:00:00,1000.0
2025-07-22 11:05:00,1000.0
2025-07-22 11:10:00,1000.0
2025-07-22 11:15:00,1000.0
2025-07-22 11:20:00,1000.0
2025-07-22 11:25:00,1000.0
2025-07-22 11:30:00,1000.0
2025-07-22 11:35:00,1000.0
2025-07-22 11:40:00,1000.0
2025-07-22 11:45:00,1000.0
2025-07-22 11:50:00,1000.0
2025-07-22 11:55:00,1000.0
2025-07-22 12:00:00,1000.0
2025-07-22 12:05:00,1000.0
2025-07-22 12:10:00,1000.0
2025-07-22 12:15:00,1000.0
2025-07-22 12:20:00,1000.0
2025-07-22 12:25:00,1000.0
2025-07-22 12:30:00,1000.0
2025-07-22 12:35:00,1000.0
2025-07-22 12:40:00,1000.0
2025-07-22 12:45:00,1000.0
2025-07-22 12:50:00,1000.0
2025-07-22 12:55:00,1000.0
2025-07-22 13:00:00,1000.0
2025-07-22 13:05:00,1000.0
2025-07-22 13:10:00,1000.0
2025-07-22 13:15:00,1000.0
2025-07-22 13:20:00,1000.0
2025-07-22 13:25:00,1000.0
2025-07-22 13:30:00,1000.0
2025-07-22 13:35:00,1000.0
2025-07-22 13:40:00,1000.0
2025-07-22 13:45:00,1000.0
2025-07-22 13:50:00,1000.0
2025-07-22 13:55:00,1000.0
2025-07-22 14:00:00,1000.0
2025-07-22 14:05:00,1000.0
2025-07-22 14:10:00,1000.0
2025-07-22 14:15:00,1000.0
2025-07-22 14:20:00,1000.0
2025-07-22 14:25:00,1000.0
2025-07-22 14:30:00,1000.0
2025-07-22 14:35:00,1000.0
2025-07-22 14:40:00,1000.0
2025-07-22 14:45:00,1000.0
2025-07-22 14:50:00,1000.0
2025-07-22 14:55:00,1000.0
2025-07-22 15:00:00,1000.0
2025-07-22 15:05:00,1000.0
2025-07-22 15:10:00,1000.0
2025-07-22 15:15:00,1000.0
2025-07-22 15:20:00,1000.0
2025-07-22 15:25:00,1000.0
2025-07-22 15:30:00,1000.0
2025-07-22 15:35:00,1000.0
2025-07-22 15:40:00,1000.0
2025-07-22 15:45:00,1000.0
2025-07-22 15:50:00,1000.0
2025-07-22 15:55:00,1000.0
2025-07-22 16:00:00,1000.0
2025-07-23 09:35:00,1000.0
2025-07-23 09:40:00,1000.0
2025-07-23 09:45:00,1000.0
2025-07-23 09:50:00,1000.0
2025-07-23 09:55:00,1000.0
2025-07-23 10:00:00,1000.0
2025-07-23 10:05:00,1000.0
2025-07-23 10:10:00,1000.0
2025-07-23 10:15:00,1000.0
2025-07-23 10:20:00,1000.0
2025-07-23 10:25:00,1000.0
2025-07-23 10:30:00,1000.0
2025-07-23 10:35:00,1000.0
2025-07-23 10:40:00,1000.0
2025-07-23 10:45:00,1000.0
2025-07-23 10:50:00,1000.0
2025-07-23 10:55:00,1000.0
2025-07-23 11:00:00,1000.0
2025-07-23 11:05:00,1000.0
2025-07-23 11:10:00,1000.0
2025-07-23 11:15:00,1000.0
2025-07-23 11:20:00,1000.0
2025-07-23 11:25:00,1000.0
2025-07-23 11:30:00,1000.0
2025-07-23 11:35:00,1000.0
2025-07-23 11:40:00,1000.0
2025-07-23 11:45:00,1000.0
2025-07-23 11:50:00,1000.0
2025-07-23 11:55:00,1000.0
2025-07-23 12:00:00,1000.0
2025-07-23 12:05:00,1000.0
2025-07-23 12:10:00,1000.0
2025-07-23 12:15:00,1000.0
2025-07-23 12:20:00,1000.0
2025-07-23 12:25:00,1000.0
2025-07-23 12:30:00,1000.0
2025-07-23 12:35:00,1000.0
2025-07-23 12:40:00,1000.0
2025-07-23 12:45:00,1000.0
2025-07-23 12:50:00,1000.0
2025-07-23 12:55:00,1000.0
2025-07-23 13:00:00,1000.0
2025-07-23 13:05:00,1000.0
2025-07-23 13:10:00,1000.0
2025-07-23 13:15:00,1000.0
2025-07-23 13:20:00,1000.0
2025-07-23 13:25:00,1000.0
2025-07-23 13:30:00,1000.0
2025-07-23 13:35:00,1000.0
2025-07-23 13:40:00,1000.0
2025-07-23 13:45:00,1000.0
2025-07-23 13:50:00,1000.0
2025-07-23 13:55:00,1000.0
2025-07-23 14:00:00,1000.0
2025-07-23 14:05:00,1000.0
2025-07-23 14:10:00,1000.0
2025-07-23 14:15:00,1000.0
2025-07-23 14:20:00,1000.0
2025-07-23 14:25:00,1000.0
2025-07-23 14:30:00,1000.0
2025-07-23 14:35:00,1000.0
2025-07-23 14:40:00,1000.0
2025-07-23 14:45:00,1000.0
2025-07-23 14:50:00,1000.0
2025-07-23 14:55:00,1000.0
2025-07-23 15:00:00,1000.0
2025-07-23 15:05:00,1000.0
2025-07-23 15:10:00,1000.0
2025-07-23 15:15:00,1000.0
2025-07-23 15:20:00,1000.0
2025-07-23 15:25:00,1000.0
2025-07-23 15:30:00,1000.0
2025-07-23 15:35:00,1000.0
2025-07-23 15:40:00,1000.0
2025-07-23 15:45:00,1000.0
2025-07-23 15:50:00,1000.0
2025-07-23 15:55:00,1000.0
2025-07-23 16:00:00,1000.0
2025-07-24 09:35:00,1000.0
2025-07-24 09:40:00,1000.0
2025-07-24 09:45:00,1000.0
2025-07-24 09:50:00,1000.0
2025-07-24 09:55:00,1000.0
2025-07-24 10:00:00,1000.0
2025-07-24 10:05:00,1000.0
2025-07-24 10:10:00,1000.0
2025-07-24 10:15:00,1000.0
2025-07-24 10:20:00,1000.0
2025-07-24 10:25:00,1000.0
2025-07-24 10:30:00,1000.0
2025-07-24 10:35:00,1000.0
2025-07-24 10:40:00,1000.0
2025-07-24 10:45:00,1000.0
2025-07-24 10:50:00,1000.0
2025-07-24 10:55:00,1000.0
2025-07-24 11:00:00,1000.0
2025-07-24 11:05:00,1000.0
2025-07-24 11:10:00,1000.0
2025-07-24 11:15:00,1000.0
2025-07-24 11:20:00,1000.0
2025-07-24 11:25:00,1000.0
2025-07-24 11:30:00,1000.0
2025-07-24 11:35:00,1000.0
2025-07-24 11:40:00,1000.0
2025-07-24 11:45:00,1000.0
2025-07-24 11:50:00,1000.0
2025-07-24 11:55:00,1000.0
2025-07-24 12:00:00,1000.0
2025-07-24 12:05:00,1000.0
2025-07-24 12:10:00,1000.0
2025-07-24 12:15:00,1000.0
2025-07-24 12:20:00,1000.0
2025-07-24 12:25:00,1000.0
2025-07-24 12:30:00,1000.0
2025-07-24 12:35:00,1000.0
2025-07-24 12:40:00,1000.0
2025-07-24 12:45:00,1000.0
2025-07-24 12:50:00,1000.0
2025-07-24 12:55:00,1000.0
2025-07-24 13:00:00,1000.0
2025-07-24 13:05:00,1000.0
2025-07-24 13:10:00,1000.0
2025-07-24 13:15:00,1000.0
2025-07-24 13:20:00,1000.0
2025-07-24 13:25:00,1000.0
2025-07-24 13:30:00,1000.0
2025-07-24 13:35:00,1000.0
2025-07-24 13:40:00,1000.0
2025-07-24 13:45:00,1000.0
2025-07-24 13:50:00,1000.0
2025-07-24 13:55:00,1000.0
2025-07-24 14:00:00,1000.0
2025-07-24 14:05:00,1000.0
2025-07-24 14:10:00,1000.0
2025-07-24 14:15:00,1000.0
2025-07-24 14:20:00,1000.0
2025-07-24 14:25:00,1000.0
2025-07-24 14:30:00,1000.0
2025-07-24 14:35:00,1000.0
2025-07-24 14:40:00,1000.0
2025-07-24 14:45:00,1000.0
2025-07-24 14:50:00,1000.0
2025-07-24 14:55:00,1000.0
2025-07-24 15:00:00,1000.0
2025-07-24 15:05:00,1000.0
2025-07-24 15:10:00,1000.0
2025-07-24 15:15:00,1000.0
2025-07-24 15:20:00,1000.0
2025-07-24 15:25:00,1000.0
2025-07-24 15:30:00,1000.0
2025-07-24 15:35:00,1000.0
2025-07-24 15:40:00,1000.0
2025-07-24 15:45:00,1000.0
2025-07-24 15:50:00,1000.0
2025-07-24 15:55:00,1000.0
2025-07-24 16:00:00,1000.0
2025-07-25 09:35:00,1000.0
2025-07-25 09:40:00,1000.0
2025-07-25 09:45:00,1000.0
2025-07-25 09:50:00,1000.0
2025-07-25 09:55:00,1000.0
2025-07-25 10:00:00,1000.0
2025-07-25 10:05:00,1000.0
2025-07-25 10:10:00,1000.0
2025-07-25 10:15:00,1000.0
2025-07-25 10:20:00,1000.0
2025-07-25 10:25:00,1000.0
2025-07-25 10:30:00,1000.0
2025-07-25 10:35:00,1000.0
2025-07-25 10:40:00,1000.0
2025-07-25 10:45:00,1000.0
2025-07-25 10:50:00,1000.0
2025-07-25 10:55:00,1000.0
2025-07-25 11:00:00,1000.0
2025-07-25 11:05:00,1000.0
2025-07-25 11:10:00,1000.0
2025-07-25 11:15:00,1000.0
2025-07-25 11:20:00,1000.0
2025-07-25 11:25:00,1000.0
2025-07-25 11:30:00,1000.0
2025-07-25 11:35:00,1000.0
2025-07-25 11:40:00,1000.0
2025-07-25 11:45:00,1000.0
2025-07-25 11:50:00,1000.0
2025-07-25 11:55:00,1000.0
2025-07-25 12:00:00,1000.0
2025-07-25 12:05:00,1000.0
2025-07-25 12:10:00,1000.0
2025-07-25 12:15:00,1000.0
2025-07-25 12:20:00,1000.0
2025-07-25 12:25:00,1000.0
2025-07-25 12:30:00,1000.0
2025-07-25 12:35:00,1000.0
2025-07-25 12:40:00,1000.0
2025-07-25 12:45:00,1000.0
2025-07-25 12:50:00,1000.0
2025-07-25 12:55:00,1000.0
2025-07-25 13:00:00,1000.0
2025-07-25 13:05:00,1000.0
2025-07-25 13:10:00,1000.0
2025-07-25 13:15:00,1000.0
2025-07-25 13:20:00,1000.0
2025-07-25 13:25:00,1000.0
2025-07-25 13:30:00,1000.0
2025-07-25 13:35:00,1000.0
2025-07-25 13:40:00,1000.0
2025-07-25 13:45:00,1000.0
2025-07-25 13:50:00,1000.0
2025-07-25 13:55:00,1000.0
2025-07-25 14:00:00,1000.0
2025-07-25 14:05:00,1000.0
2025-07-25 14:10:00,1000.0
2025-07-25 14:15:00,1000.0
2025-07-25 14:20:00,1000.0
2025-07-25 14:25:00,1000.0
2025-07-25 14:30:00,1000.0
2025-07-25 14:35:00,1000.0
2025-07-25 14:40:00,1000.0
2025-07-25 14:45:00,1000.0
2025-07-25 14:50:00,1000.0
2025-07-25 14:55:00,1000.0
2025-07-25 15:00:00,1000.0
2025-07-25 15:05:00,1000.0
2025-07-25 15:10:00,1000.0
2025-07-25 15:15:00,1000.0
2025-07-25 15:20:00,1000.0
2025-07-25 15:25:00,1000.0
2025-07-25 15:30:00,1000.0
2025-07-25 15:35:00,1000.0
2025-07-25 15:40:00,1000.0
2025-07-25 15:45:00,1000.0
2025-07-25 15:50:00,1000.0
2025-07-25 15:55:00,1000.0
2025-07-25 16:00:00,1000.0
2025-07-28 09:35:00,1000.0
2025-07-28 09:40:00,1000.0
2025-07-28 09:45:00,1000.0
2025-07-28 09:50:00,1000.0
2025-07-28 09:55:00,1000.0
2025-07-28 10:00:00,1000.0
2025-07-28 10:05:00,1000.0
2025-07-28 10:10:00,1000.0
2025-07-28 10:15:00,1000.0
2025-07-28 10:20:00,1000.0
2025-07-28 10:25:00,1000.0
2025-07-28 10:30:00,1000.0
2025-07-28 10:35:00,1000.0
2025-07-28 10:40:00,1000.0
2025-07-28 10:45:00,1000.0
2025-07-28 10:50:00,1000.0
2025-07-28 10:55:00,1000.0
2025-07-28 11:00:00,1000.0
2025-07-28 11:05:00,1000.0
2025-07-28 11:10:00,1000.0
2025-07-28 11:15:00,1000.0
2025-07-28 11:20:00,1000.0
2025-07-28 11:25:00,1000.0
2025-07-28 11:30:00,1000.0
2025-07-28 11:35:00,1000.0
2025-07-28 11:40:00,1000.0
2025-07-28 11:45:00,1000.0
2025-07-28 11:50:00,1000.0
2025-07-28 11:55:00,1000.0
2025-07-28 12:00:00,1000.0
2025-07-28 12:05:00,1000.0
2025-07-28 12:10:00,1000.0
2025-07-28 12:15:00,1000.0
2025-07-28 12:20:00,1000.0
2025-07-28 12:25:00,1000.0
2025-07-28 12:30:00,1000.0
2025-07-28 12:35:00,1000.0
2025-07-28 12:40:00,1000.0
2025-07-28 12:45:00,1000.0
2025-07-28 12:50:00,1000.0
2025-07-28 12:55:00,1000.0
2025-07-28 13:00:00,1000.0
2025-07-28 13:05:00,1000.0
2025-07-28 13:10:00,1000.0
2025-07-28 13:15:00,1000.0
2025-07-28 13:20:00,1000.0
2025-07-28 13:25:00,1000.0
2025-07-28 13:30:00,1000.0
2025-07-28 13:35:00,1000.0
2025-07-28 13:40:00,1000.0
2025-07-28 13:45:00,1000.0
2025-07-28 13:50:00,1000.0
2025-07-28 13:55:00,1000.0
2025-07-28 14:00:00,1000.0
2025-07-28 14:05:00,1000.0
2025-07-28 14:10:00,1000.0
2025-07-28 14:15:00,1000.0
2025-07-28 14:20:00,1000.0
2025-07-28 14:25:00,1000.0
2025-07-28 14:30:00,1000.0
2025-07-28 14:35:00,1000.0
2025-07-28 14:40:00,1000.0
2025-07-28 14:45:00,1000.0
2025-07-28 14:50:00,1000.0
2025-07-28 14:55:00,1000.0
2025-07-28 15:00:00,1000.0
2025-07-28 15:05:00,1000.0
2025-07-28 15:10:00,1000.0
2025-07-28 15:15:00,1000.0
2025-07-28 15:20:00,1000.0
2025-07-28 15:25:00,1000.0
2025-07-28 15:30:00,1000.0
2025-07-28 15:35:00,1000.0
2025-07-28 15:40:00,1000.0
2025-07-28 15:45:00,1000.0
2025-07-28 15:50:00,1000.0
2025-07-28 15:55:00,1000.0
2025-07-28 16:00:00,1000.0
2025-07-29 09:35:00,1000.0
2025-07-29 09:40:00,1000.0
2025-07-29 09:45:00,1000.0
2025-07-29 09:50:00,1000.0
2025-07-29 09:55:00,1000.0
2025-07-29 10:00:00,1000.0
2025-07-29 10:05:00,1000.0
2025-07-29 10:10:00,1000.0
2025-07-29 10:15:00,1000.0
2025-07-29 10:20:00,1000.0
2025-07-29 10:25:00,1000.0
2025-07-29 10:30:00,1000.0
2025-07-29 10:35:00,1000.0
2025-07-29 10:40:00,1000.0
2025-07-29 10:45:00,1000.0
2025-07-29 10:50:00,1000.0
2025-07-29 10:55:00,1000.0
2025-07-29 11:00:00,1000.0
2025-07-29 11:05:00,1000.0
2025-07-29 11:10:00,1000.0
2025-07-29 11:15:00,1000.0
2025-07-29 11:20:00,1000.0
2025-07-29 11:25:00,1000.0
2025-07-29 11:30:00,1000.0
2025-07-29 11:35:00,1000.0
2025-07-29 11:40:00,1000.0
2025-07-29 11:45:00,1000.0
2025-07-29 11:50:00,1000.0
2025-07-29 11:55:00,1000.0
2025-07-29 12:00:00,1000.0
2025-07-29 12:05:00,1000.0
2025-07-29 12:10:00,1000.0
2025-07-29 12:15:00,1000.0
2025-07-29 12:20:00,1000.0
2025-07-29 12:25:00,1000.0
2025-07-29 12:30:00,1000.0
2025-07-29 12:35:00,1000.0
2025-07-29 12:40:00,1000.0
2025-07-29 12:45:00,1000.0
2025-07-29 12:50:00,1000.0
2025-07-29 12:55:00,1000.0
2025-07-29 13:00:00,1000.0
2025-07-29 13:05:00,1000.0
2025-07-29 13:10:00,1000.0
2025-07-29 13:15:00,1000.0
2025-07-29 13:20:00,1000.0
2025-07-29 13:25:00,1000.0
2025-07-29 13:30:00,1000.0
2025-07-29 13:35:00,1000.0
2025-07-29 13:40:00,1000.0
2025-07-29 13:45:00,1000.0
2025-07-29 13:50:00,1000.0
2025-07-29 13:55:00,1000.0
2025-07-29 14:00:00,1000.0
2025-07-29 14:05:00,1000.0
2025-07-29 14:10:00,1000.0
2025-07-29 14:15:00,1000.0
2025-07-29 14:20:00,1000.0
2025-07-29 14:25:00,1000.0
2025-07-29 14:30:00,1000.0
2025-07-29 14:35:00,1000.0
2025-07-29 14:40:00,1000.0
2025-07-29 14:45:00,1000.0
2025-07-29 14:50:00,1000.0
2025-07-29 14:55:00,1000.0
2025-07-29 15:00:00,1000.0
2025-07-29 15:05:00,1000.0
2025-07-29 15:10:00,1000.0
2025-07-29 15:15:00,1000.0
2025-07-29 15:20:00,1000.0
2025-07-29 15:25:00,1000.0
2025-07-29 15:30:00,1000.0
2025-07-29 15:35:00,1000.0
2025-07-29 15:40:00,1000.0
2025-07-29 15:45:00,1000.0
2025-07-29 15:50:00,1000.0
2025-07-29 15:55:00,1000.0
2025-07-29 16:00:00,1000.0
2025-07-30 09:35:00,1000.0
2025-07-30 09:40:00,1000.0
2025-07-30 09:45:00,1000.0
2025-07-30 09:50:00,1000.0
2025-07-30 09:55:00,1000.0
2025-07-30 10:00:00,1000.0
2025-07-30 10:05:00,1000.0
2025-07-30 10:10:00,1000.0
2025-07-30 10:15:00,1000.0
2025-07-30 10:20:00,1000.0
2025-07-30 10:25:00,1000.0
2025-07-30 10:30:00,1000.0
2025-07-30 10:35:00,1000.0
2025-07-30 10:40:00,1000.0
2025-07-30 10:45:00,1000.0
2025-07-30 10:50:00,1000.0
2025-07-30 10:55:00,1000.0
2025-07-30 11:00:00,1000.0
2025-07-30 11:05:00,1000.0
2025-07-30 11:10:00,1000.0
2025-07-30 11:15:00,1000.0
2025-07-30 11:20:00,1000.0
2025-07-30 11:25:00,1000.0
2025-07-30 11:30:00,1000.0
2025-07-30 11:35:00,1000.0
2025-07-30 11:40:00,1000.0
2025-07-30 11:45:00,1000.0
2025-07-30 11:50:00,1000.0
2025-07-30 11:55:00,1000.0
2025-07-30 12:00:00,1000.0
2025-07-30 12:05:00,1000.0
2025-07-30 12:10:00,1000.0
2025-07-30 12:15:00,1000.0
2025-07-30 12:20:00,1000.0
2025-07-30 12:25:00,1000.0
2025-07-30 12:30:00,1000.0
2025-07-30 12:35:00,1000.0
2025-07-30 12:40:00,1000.0
2025-07-30 12:45:00,1000.0
2025-07-30 12:50:00,1000.0
2025-07-30 12:55:00,1000.0
2025-07-30 13:00:00,1000.0
2025-07-30 13:05:00,1000.0
2025-07-30 13:10:00,1000.0
2025-07-30 13:15:00,1000.0
2025-07-30 13:20:00,1000.0
2025-07-30 13:25:00,1000.0
2025-07-30 13:30:00,1000.0
2025-07-30 13:35:00,1000.0
2025-07-30 13:40:00,1000.0
2025-07-30 13:45:00,1000.0
2025-07-30 13:50:00,1000.0
2025-07-30 13:55:00,1000.0
2025-07-30 14:00:00,1000.0
2025-07-30 14:05:00,1000.0
2025-07-30 14:10:00,1000.0
2025-07-30 14:15:00,1000.0
2025-07-30 14:20:00,1000.0
2025-07-30 14:25:00,1000.0
2025-07-30 14:30:00,1000.0
2025-07-30 14:35:00,1000.0
2025-07-30 14:40:00,1000.0
2025-07-30 14:45:00,1000.0
2025-07-30 14:50:00,1000.0
2025-07-30 14:55:00,1000.0
2025-07-30 15:00:00,1000.0
2025-07-30 15:05:00,1000.0
2025-07-30 15:10:00,1000.0
2025-07-30 15:15:00,1000.0
2025-07-30 15:20:00,1000.0
2025-07-30 15:25:00,1000.0
2025-07-30 15:30:00,1000.0
2025-07-30 15:35:00,1000.0
2025-07-30 15:40:00,1000.0
2025-07-30 15:45:00,1000.0
2025-07-30 15:50:00,1000.0
2025-07-30 15:55:00,1000.0
2025-07-30 16:00:00,1000.0
2025-07-31 09:35:00,1000.0
2025-07-31 09:40:00,1000.0
2025-07-31 09:45:00,1000.0
2025-07-31 09:50:00,1000.0
2025-07-31 09:55:00,1000.0
2025-07-31 10:00:00,1000.0
2025-07-31 10:05:00,1000.0
2025-07-31 10:10:00,1000.0
2025-07-31 10:15:00,1000.0
2025-07-31 10:20:00,1000.0
2025-07-31 10:25:00,1000.0
2025-07-31 10:30:00,1000.0
2025-07-31 10:35:00,1000.0
2025-07-31 10:40:00,1000.0
2025-07-31 10:45:00,1000.0
2025-07-31 10:50:00,1000.0
2025-07-31 10:55:00,1000.0
2025-07-31 11:00:00,1000.0
2025-07-31 11:05:00,1000.0
2025-07-31 11:10:00,1000.0
2025-07-31 11:15:00,1000.0
2025-07-31 11:20:00,1000.0
2025-07-31 11:25:00,1000.0
2025-07-31 11:30:00,1000.0
2025-07-31 11:35:00,1000.0
2025-07-31 11:40:00,1000.0
2025-07-31 11:45:00,1000.0
2025-07-31 11:50:00,1000.0
2025-07-31 11:55:00,1000.0
2025-07-31 12:00:00,1000.0
2025-07-31 12:05:00,1000.0
2025-07-31 12:10:00,1000.0
2025-07-31 12:15:00,1000.0
2025-07-31 12:20:00,1000.0
2025-07-31 12:25:00,1000.0
2025-07-31 12:30:00,1000.0
2025-07-31 12:35:00,1000.0
2025-07-31 12:40:00,1000.0
2025-07-31 12:45:00,1000.0
2025-07-31 12:50:00,1000.0
2025-07-31 12:55:00,1000.0
2025-07-31 13:00:00,1000.0
2025-07-31 13:05:00,1000.0
2025-07-31 13:10:00,1000.0
2025-07-31 13:15:00,1000.0
2025-07-31 13:20:00,1000.0
2025-07-31 13:25:00,1000.0
2025-07-31 13:30:00,1000.0
2025-07-31 13:35:00,1000.0
2025-07-31 13:40:00,1000.0
2025-07-31 13:45:00,1000.0
2025-07-31 13:50:00,1000.0
2025-07-31 13:55:00,1000.0
2025-07-31 14:00:00,1000.0
2025-07-31 14:05:00,1000.0
2025-07-31 14:10:00,1000.0
2025-07-31 14:15:00,1000.0
2025-07-31 14:20:00,1000.0
2025-07-31 14:25:00,1000.0
2025-07-31 14:30:00,1000.0
2025-07-31 14:35:00,1000.0
2025-07-31 14:40:00,1000.0
2025-07-31 14:45:00,1000.0
2025-07-31 14:50:00,1000.0
2025-07-31 14:55:00,1000.0
2025-07-31 15:00:00,1000.0
2025-07-31 15:05:00,1000.0
2025-07-31 15:10:00,1000.0
2025-07-31 15:15:00,1000.0
2025-07-31 15:20:00,1000.0
2025-07-31 15:25:00,1000.0
2025-07-31 15:30:00,1000.0
2025-07-31 15:35:00,1000.0
2025-07-31 15:40:00,1000.0
2025-07-31 15:45:00,1000.0
2025-07-31 15:50:00,1000.0
2025-07-31 15:55:00,1000.0
2025-07-31 16:00:00,1000.0
2025-08-01 09:35:00,1000.0
2025-08-01 09:40:00,1000.0
2025-08-01 09:45:00,1000.0
2025-08-01 09:50:00,1000.0
2025-08-01 09:55:00,1000.0
2025-08-01 10:00:00,1000.0
2025-08-01 10:05:00,1000.0
2025-08-01 10:10:00,1000.0
2025-08-01 10:15:00,1000.0
2025-08-01 10:20:00,1000.0
2025-08-01 10:25:00,1000.0
2025-08-01 10:30:00,1000.0
2025-08-01 10:35:00,1000.0
2025-08-01 10:40:00,1000.0
2025-08-01 10:45:00,1000.0
2025-08-01 10:50:00,1000.0
2025-08-01 10:55:00,1000.0
2025-08-01 11:00:00,1000.0
2025-08-01 11:05:00,1000.0
2025-08-01 11:10:00,1000.0
2025-08-01 11:15:00,1000.0
2025-08-01 11:20:00,1000.0
2025-08-01 11:25:00,1000.0
2025-08-01 11:30:00,1000.0
2025-08-01 11:35:00,1000.0
2025-08-01 11:40:00,1000.0
2025-08-01 11:45:00,1000.0
2025-08-01 11:50:00,1000.0
2025-08-01 11:55:00,1000.0
2025-08-01 12:00:00,1000.0
2025-08-01 12:05:00,1000.0
2025-08-01 12:10:00,1000.0
2025-08-01 12:15:00,1000.0
2025-08-01 12:20:00,1000.0
2025-08-01 12:25:00,1000.0
2025-08-01 12:30:00,1000.0
2025-08-01 12:35:00,1000.0
2025-08-01 12:40:00,1000.0
2025-08-01 12:45:00,1000.0
2025-08-01 12:50:00,1000.0
2025-08-01 12:55:00,1000.0
2025-08-01 13:00:00,1000.0
2025-08-01 13:05:00,1000.0
2025-08-01 13:10:00,1000.0
2025-08-01 13:15:00,1000.0
2025-08-01 13:20:00,1000.0
2025-08-01 13:25:00,1000.0
2025-08-01 13:30:00,1000.0
2025-08-01 13:35:00,1000.0
2025-08-01 13:40:00,1000.0
2025-08-01 13:45:00,1000.0
2025-08-01 13:50:00,1000.0
2025-08-01 13:55:00,1000.0
2025-08-01 14:00:00,1000.0
2025-08-01 14:05:00,1000.0
2025-08-01 14:10:00,1000.0
2025-08-01 14:15:00,1000.0
2025-08-01 14:20:00,1000.0
2025-08-01 14:25:00,1000.0
2025-08-01 14:30:00,1000.0
2025-08-01 14:35:00,1000.0
2025-08-01 14:40:00,1000.0
2025-08-01 14:45:00,1000.0
2025-08-01 14:50:00,1000.0
2025-08-01 14:55:00,1000.0
2025-08-01 15:00:00,1000.0
2025-08-01 15:05:00,1000.0
2025-08-01 15:10:00,1000.0
2025-08-01 15:15:00,1000.0
2025-08-01 15:20:00,1000.0
2025-08-01 15:25:00,1000.0
2025-08-01 15:30:00,1000.0
2025-08-01 15:35:00,1000.0
2025-08-01 15:40:00,1000.0
2025-08-01 15:45:00,1000.0
2025-08-01 15:50:00,1000.0
2025-08-01 15:55:00,1000.0
2025-08-01 16:00:00,1000.0
2025-08-04 09:35:00,1000.0
2025-08-04 09:40:00,1000.0
2025-08-04 09:45:00,1000.0
2025-08-04 09:50:00,1000.0
2025-08-04 09:55:00,1000.0
2025-08-04 10:00:00,1000.0
2025-08-04 10:05:00,1000.0
2025-08-04 10:10:00,1000.0
2025-08-04 10:15:00,1000.0
2025-08-04 10:20:00,1000.0
2025-08-04 10:25:00,1000.0
2025-08-04 10:30:00,1000.0
2025-08-04 10:35:00,1000.0
2025-08-04 10:40:00,1000.0
2025-08-04 10:45:00,1000.0
2025-08-04 10:50:00,1000.0
2025-08-04 10:55:00,1000.0
2025-08-04 11:00:00,1000.0
2025-08-04 11:05:00,1000.0
2025-08-04 11:10:00,1000.0
2025-08-04 11:15:00,1000.0
2025-08-04 11:20:00,1000.0
2025-08-04 11:25:00,1000.0
2025-08-04 11:30:00,1000.0
2025-08-04 11:35:00,1000.0
2025-08-04 11:40:00,1000.0
2025-08-04 11:45:00,1000.0
2025-08-04 11:50:00,1000.0
2025-08-04 11:55:00,1000.0
2025-08-04 12:00:00,1000.0
2025-08-04 12:05:00,1000.0
2025-08-04 12:10:00,1000.0
2025-08-04 12:15:00,1000.0
2025-08-04 12:20:00,1000.0
2025-08-04 12:25:00,1000.0
2025-08-04 12:30:00,1000.0
2025-08-04 12:35:00,1000.0
2025-08-04 12:40:00,1000.0
2025-08-04 12:45:00,1000.0
2025-08-04 12:50:00,1000.0
2025-08-04 12:55:00,1000.0
2025-08-04 13:00:00,1000.0
2025-08-04 13:05:00,1000.0
2025-08-04 13:10:00,1000.0
2025-08-04 13:15:00,1000.0
2025-08-04 13:20:00,1000.0
2025-08-04 13:25:00,1000.0
2025-08-04 13:30:00,1000.0
2025-08-04 13:35:00,1000.0
2025-08-04 13:40:00,1000.0
2025-08-04 13:45:00,1000.0
2025-08-04 13:50:00,1000.0
2025-08-04 13:55:00,1000.0
2025-08-04 14:00:00,1000.0
2025-08-04 14:05:00,1000.0
2025-08-04 14:10:00,1000.0
2025-08-04 14:15:00,1000.0
2025-08-04 14:20:00,1000.0
2025-08-04 14:25:00,1000.0
2025-08-04 14:30:00,1000.0
2025-08-04 14:35:00,1000.0
2025-08-04 14:40:00,1000.0
2025-08-04 14:45:00,1000.0
2025-08-04 14:50:00,1000.0
2025-08-04 14:55:00,1000.0
2025-08-04 15:00:00,1000.0
2025-08-04 15:05:00,1000.0
2025-08-04 15:10:00,1000.0
2025-08-04 15:15:00,1000.0
2025-08-04 15:20:00,1000.0
2025-08-04 15:25:00,1000.0
2025-08-04 15:30:00,1000.0
2025-08-04 15:35:00,1000.0
2025-08-04 15:40:00,1000.0
2025-08-04 15:45:00,1000.0
2025-08-04 15:50:00,1000.0
2025-08-04 15:55:00,1000.0
2025-08-04 16:00:00,1000.0
2025-08-05 09:35:00,1000.0
2025-08-05 09:40:00,1000.0
2025-08-05 09:45:00,1000.0
2025-08-05 09:50:00,1000.0
2025-08-05 09:55:00,1000.0
2025-08-05 10:00:00,1000.0
2025-08-05 10:05:00,1000.0
2025-08-05 10:10:00,1000.0
2025-08-05 10:15:00,1000.0
2025-08-05 10:20:00,1000.0
2025-08-05 10:25:00,1000.0
2025-08-05 10:30:00,1000.0
2025-08-05 10:35:00,1000.0
2025-08-05 10:40:00,1000.0
2025-08-05 10:45:00,1000.0
2025-08-05 10:50:00,1000.0
2025-08-05 10:55:00,1000.0
2025-08-05 11:00:00,1000.0
2025-08-05 11:05:00,1000.0
2025-08-05 11:10:00,1000.0
2025-08-05 11:15:00,1000.0
2025-08-05 11:20:00,1000.0
2025-08-05 11:25:00,1000.0
2025-08-05 11:30:00,1000.0
2025-08-05 11:35:00,1000.0
2025-08-05 11:40:00,1000.0
2025-08-05 11:45:00,1000.0
2025-08-05 11:50:00,1000.0
2025-08-05 11:55:00,1000.0
2025-08-05 12:00:00,1000.0
2025-08-05 12:05:00,1000.0
2025-08-05 12:10:00,1000.0
2025-08-05 12:15:00,1000.0
2025-08-05 12:20:00,1000.0
2025-08-05 12:25:00,1000.0
2025-08-05 12:30:00,1000.0
2025-08-05 12:35:00,1000.0
2025-08-05 12:40:00,1000.0
2025-08-05 12:45:00,1000.0
2025-08-05 12:50:00,1000.0
2025-08-05 12:55:00,1000.0
2025-08-05 13:00:00,1000.0
2025-08-05 13:05:00,1000.0
2025-08-05 13:10:00,1000.0
2025-08-05 13:15:00,1000.0
2025-08-05 13:20:00,1000.0
2025-08-05 13:25:00,1000.0
2025-08-05 13:30:00,1000.0
2025-08-05 13:35:00,1000.0
2025-08-05 13:40:00,1000.0
2025-08-05 13:45:00,1000.0
2025-08-05 13:50:00,1000.0
2025-08-05 13:55:00,1000.0
2025-08-05 14:00:00,1000.0
2025-08-05 14:05:00,1000.0
2025-08-05 14:10:00,1000.0
2025-08-05 14:15:00,1000.0
2025-08-05 14:20:00,1000.0
2025-08-05 14:25:00,1000.0
2025-08-05 14:30:00,1000.0
2025-08-05 14:35:00,1000.0
2025-08-05 14:40:00,1000.0
2025-08-05 14:45:00,1000.0
2025-08-05 14:50:00,1000.0
2025-08-05 14:55:00,1000.0
2025-08-05 15:00:00,1000.0
2025-08-05 15:05:00,1000.0
2025-08-05 15:10:00,1000.0
2025-08-05 15:15:00,1000.0
2025-08-05 15:20:00,1000.0
2025-08-05 15:25:00,1000.0
2025-08-05 15:30:00,1000.0
2025-08-05 15:35:00,1000.0
2025-08-05 15:40:00,1000.0
2025-08-05 15:45:00,1000.0
2025-08-05 15:50:00,1000.0
2025-08-05 15:55:00,1000.0
2025-08-05 16:00:00,1000.0
2025-08-06 09:35:00,1000.0
2025-08-06 09:40:00,1000.0
2025-08-06 09:45:00,1000.0
2025-08-06 09:50:00,1000.0
2025-08-06 09:55:00,1000.0
2025-08-06 10:00:00,1000.0
2025-08-06 10:05:00,1000.0
2025-08-06 10:10:00,1000.0
2025-08-06 10:15:00,1000.0
2025-08-06 10:20:00,1000.0
2025-08-06 10:25:00,1000.0
2025-08-06 10:30:00,1000.0
2025-08-06 10:35:00,1000.0
2025-08-06 10:40:00,1000.0
2025-08-06 10:45:00,1000.0
2025-08-06 10:50:00,1000.0
2025-08-06 10:55:00,1000.0
2025-08-06 11:00:00,1000.0
2025-08-06 11:05:00,1000.0
2025-08-06 11:10:00,1000.0
2025-08-06 11:15:00,1000.0
2025-08-06 11:20:00,1000.0
2025-08-06 11:25:00,1000.0
2025-08-06 11:30:00,1000.0
2025-08-06 11:35:00,1000.0
2025-08-06 11:40:00,1000.0
2025-08-06 11:45:00,1000.0
2025-08-06 11:50:00,1000.0
2025-08-06 11:55:00,1000.0
2025-08-06 12:00:00,1000.0
2025-08-06 12:05:00,1000.0
2025-08-06 12:10:00,1000.0
2025-08-06 12:15:00,1000.0
2025-08-06 12:20:00,1000.0
2025-08-06 12:25:00,1000.0
2025-08-06 12:30:00,1000.0
2025-08-06 12:35:00,1000.0
2025-08-06 12:40:00,1000.0
2025-08-06 12:45:00,1000.0
2025-08-06 12:50:00,1000.0
2025-08-06 12:55:00,1000.0
2025-08-06 13:00:00,1000.0
2025-08-06 13:05:00,1000.0
2025-08-06 13:10:00,1000.0
2025-08-06 13:15:00,1000.0
2025-08-06 13:20:00,1000.0
2025-08-06 13:25:00,1000.0
2025-08-06 13:30:00,1000.0
2025-08-06 13:35:00,1000.0
2025-08-06 13:40:00,1000.0
2025-08-06 13:45:00,1000.0
2025-08-06 13:50:00,1000.0
2025-08-06 13:55:00,1000.0
2025-08-06 14:00:00,1000.0
2025-08-06 14:05:00,1000.0
2025-08-06 14:10:00,1000.0
2025-08-06 14:15:00,1000.0
2025-08-06 14:20:00,1000.0
2025-08-06 14:25:00,1000.0
2025-08-06 14:30:00,1000.0
2025-08-06 14:35:00,1000.0
2025-08-06 14:40:00,1000.0
2025-08-06 14:45:00,1000.0
2025-08-06 14:50:00,1000.0
2025-08-06 14:55:00,1000.0
2025-08-06 15:00:00,1000.0
2025-08-06 15:05:00,1000.0
2025-08-06 15:10:00,1000.0
2025-08-06 15:15:00,1000.0
2025-08-06 15:20:00,1000.0
2025-08-06 15:25:00,1000.0
2025-08-06 15:30:00,1000.0
2025-08-06 15:35:00,1000.0
2025-08-06 15:40:00,1000.0
2025-08-06 15:45:00,1000.0
2025-08-06 15:50:00,1000.0
2025-08-06 15:55:00,1000.0
2025-08-06 16:00:00,1000.0
2025-08-07 09:35:00,1000.0
2025-08-07 09:40:00,1000.0
2025-08-07 09:45:00,1000.0
2025-08-07 09:50:00,1000.0
2025-08-07 09:55:00,1000.0
2025-08-07 10:00:00,1000.0
2025-08-07 10:05:00,1000.0
2025-08-07 10:10:00,1000.0
2025-08-07 10:15:00,1000.0
2025-08-07 10:20:00,1000.0
2025-08-07 10:25:00,1000.0
2025-08-07 10:30:00,1000.0
2025-08-07 10:35:00,1000.0
2025-08-07 10:40:00,1000.0
2025-08-07 10:45:00,1000.0
2025-08-07 10:50:00,1000.0
2025-08-07 10:55:00,1000.0
2025-08-07 11:00:00,1000.0
2025-08-07 11:05:00,1000.0
2025-08-07 11:10:00,1000.0
2025-08-07 11:15:00,1000.0
2025-08-07 11:20:00,1000.0
2025-08-07 11:25:00,1000.0
2025-08-07 11:30:00,1000.0
2025-08-07 11:35:00,1000.0
2025-08-07 11:40:00,1000.0
2025-08-07 11:45:00,1000.0
2025-08-07 11:50:00,1000.0
2025-08-07 11:55:00,1000.0
2025-08-07 12:00:00,1000.0
2025-08-07 12:05:00,1000.0
2025-08-07 12:10:00,1000.0
2025-08-07 12:15:00,1000.0
2025-08-07 12:20:00,1000.0
2025-08-07 12:25:00,1000.0
2025-08-07 12:30:00,1000.0
2025-08-07 12:35:00,1000.0
2025-08-07 12:40:00,1000.0
2025-08-07 12:45:00,1000.0
2025-08-07 12:50:00,1000.0
2025-08-07 12:55:00,1000.0
2025-08-07 13:00:00,1000.0
2025-08-07 13:05:00,1000.0
2025-08-07 13:10:00,1000.0
2025-08-07 13:15:00,1000.0
2025-08-07 13:20:00,1000.0
2025-08-07 13:25:00,1000.0
2025-08-07 13:30:00,1000.0
2025-08-07 13:35:00,1000.0
2025-08-07 13:40:00,1000.0
2025-08-07 13:45:00,1000.0
2025-08-07 13:50:00,1000.0
2025-08-07 13:55:00,1000.0
2025-08-07 14:00:00,1000.0
2025-08-07 14:05:00,1000.0
2025-08-07 14:10:00,1000.0
2025-08-07 14:15:00,1000.0
2025-08-07 14:20:00,1000.0
2025-08-07 14:25:00,1000.0
2025-08-07 14:30:00,1000.0
2025-08-07 14:35:00,1000.0
2025-08-07 14:40:00,1000.0
2025-08-07 14:45:00,1000.0
2025-08-07 14:50:00,1000.0
2025-08-07 14:55:00,1000.0
2025-08-07 15:00:00,1000.0
2025-08-07 15:05:00,1000.0
2025-08-07 15:10:00,1000.0
2025-08-07 15:15:00,1000.0
2025-08-07 15:20:00,1000.0
2025-08-07 15:25:00,1000.0
2025-08-07 15:30:00,1000.0
2025-08-07 15:35:00,1000.0
2025-08-07 15:40:00,1000.0
2025-08-07 15:45:00,1000.0
2025-08-07 15:50:00,1000.0
2025-08-07 15:55:00,1000.0
2025-08-07 16:00:00,1000.0
2025-08-08 09:35:00,1000.0
2025-08-08 09:40:00,1000.0
2025-08-08 09:45:00,1000.0
2025-08-08 09:50:00,1000.0
2025-08-08 09:55:00,1000.0
2025-08-08 10:00:00,1000.0
2025-08-08 10:05:00,1000.0
2025-08-08 10:10:00,1000.0
2025-08-08 10:15:00,1000.0
2025-08-08 10:20:00,1000.0
2025-08-08 10:25:00,1000.0
2025-08-08 10:30:00,1000.0
2025-08-08 10:35:00,1000.0
2025-08-08 10:40:00,1000.0
2025-08-08 10:45:00,1000.0
2025-08-08 10:50:00,1000.0
2025-08-08 10:55:00,1000.0
2025-08-08 11:00:00,1000.0
2025-08-08 11:05:00,1000.0
2025-08-08 11:10:00,1000.0
2025-08-08 11:15:00,1000.0
2025-08-08 11:20:00,1000.0
2025-08-08 11:25:00,1000.0
2025-08-08 11:30:00,1000.0
2025-08-08 11:35:00,1000.0
2025-08-08 11:40:00,1000.0
2025-08-08 11:45:00,1000.0
2025-08-08 11:50:00,1000.0
2025-08-08 11:55:00,1000.0
2025-08-08 12:00:00,1000.0
2025-08-08 12:05:00,1000.0
2025-08-08 12:10:00,1000.0
2025-08-08 12:15:00,1000.0
2025-08-08 12:20:00,1000.0
2025-08-08 12:25:00,1000.0
2025-08-08 12:30:00,1000.0
2025-08-08 12:35:00,1000.0
2025-08-08 12:40:00,1000.0
2025-08-08 12:45:00,1000.0
2025-08-08 12:50:00,1000.0
2025-08-08 12:55:00,1000.0
2025-08-08 13:00:00,1000.0
2025-08-08 13:05:00,1000.0
2025-08-08 13:10:00,1000.0
2025-08-08 13:15:00,1000.0
2025-08-08 13:20:00,1000.0
2025-08-08 13:25:00,1000.0
2025-08-08 13:30:00,1000.0
2025-08-08 13:35:00,1000.0
2025-08-08 13:40:00,1000.0
2025-08-08 13:45:00,1000.0
2025-08-08 13:50:00,1000.0
2025-08-08 13:55:00,1000.0
2025-08-08 14:00:00,1000.0
2025-08-08 14:05:00,1000.0
2025-08-08 14:10:00,1000.0
2025-08-08 14:15:00,1000.0
2025-08-08 14:20:00,1000.0
2025-08-08 14:25:00,1000.0
2025-08-08 14:30:00,1000.0
2025-08-08 14:35:00,1000.0
2025-08-08 14:40:00,1000.0
2025-08-08 14:45:00,1000.0
2025-08-08 14:50:00,1000.0
2025-08-08 14:55:00,1000.0
2025-08-08 15:00:00,1000.0
2025-08-08 15:05:00,1000.0
2025-08-08 15:10:00,1000.0
2025-08-08 15:15:00,1000.0
2025-08-08 15:20:00,1000.0
2025-08-08 15:25:00,1000.0
2025-08-08 15:30:00,1000.0
2025-08-08 15:35:00,1000.0
2025-08-08 15:40:00,1000.0
2025-08-08 15:45:00,1000.0
2025-08-08 15:50:00,1000.0
2025-08-08 15:55:00,1000.0
