datetime,open,high,low,close,volume
2025-07-10 09:35:00,555.95,556.16,555.76,556.01,721401.0
2025-07-10 09:40:00,556.0,556.09,555.73,555.86,542757.0
2025-07-10 09:45:00,555.85,555.95,554.87,554.97,791056.0
2025-07-10 09:50:00,554.95,555.365,554.35,554.59,730452.0
2025-07-10 09:55:00,554.57,554.75,553.66,554.16,1152972.0
2025-07-10 10:00:00,554.16,554.17,553.12,553.22,939502.0
2025-07-10 10:05:00,553.21,553.45,552.75,553.43,968428.0
2025-07-10 10:10:00,553.43,553.89,553.4,553.695,677310.0
2025-07-10 10:15:00,553.71,554.33,553.65,554.2499,579088.0
2025-07-10 10:20:00,554.24,554.31,553.46,553.57,669660.0
2025-07-10 10:25:00,553.57,553.63,552.94,553.6,557636.0
2025-07-10 10:30:00,553.62,553.91,553.55,553.72,679317.0
2025-07-10 10:35:00,553.71,554.3,553.6,554.21,786627.0
2025-07-10 10:40:00,554.21,554.59,554.08,554.435,643912.0
2025-07-10 10:45:00,554.44,554.66,554.06,554.4587,476899.0
2025-07-10 10:50:00,554.45,554.8,554.42,554.58,380922.0
2025-07-10 10:55:00,554.575,554.625,554.04,554.2407,451773.0
2025-07-10 11:00:00,554.23,554.55,554.14,554.38,407089.0
2025-07-10 11:05:00,554.36,554.51,554.24,554.29,241694.0
2025-07-10 11:10:00,554.29,554.33,553.69,554.0,396485.0
2025-07-10 11:15:00,554.01,554.48,553.99,554.2199,249499.0
2025-07-10 11:20:00,554.235,554.64,553.96,554.64,272343.0
2025-07-10 11:25:00,554.63,555.16,554.58,555.0593,497070.0
2025-07-10 11:30:00,555.06,555.26,554.82,554.83,847985.0
2025-07-10 11:35:00,554.83,555.245,554.805,555.23,274742.0
2025-07-10 11:40:00,555.23,555.39,555.08,555.39,236128.0
2025-07-10 11:45:00,555.39,555.465,555.19,555.43,231439.0
2025-07-10 11:50:00,555.44,555.62,555.35,555.465,354033.0
2025-07-10 11:55:00,555.46,555.695,555.43,555.685,290443.0
2025-07-10 12:00:00,555.68,555.69,555.2,555.36,413316.0
2025-07-10 12:05:00,555.36,555.38,554.875,554.89,329212.0
2025-07-10 12:10:00,554.89,554.95,554.235,554.47,586324.0
2025-07-10 12:15:00,554.45,554.76,554.28,554.7,254791.0
2025-07-10 12:20:00,554.7,555.13,554.61,555.125,216365.0
2025-07-10 12:25:00,555.12,555.35,555.105,555.3053,387679.0
2025-07-10 12:30:00,555.3,555.415,554.98,555.09,300770.0
2025-07-10 12:35:00,555.095,555.095,554.7099,555.08,645447.0
2025-07-10 12:40:00,555.07,555.45,555.06,555.325,352139.0
2025-07-10 12:45:00,555.33,555.34,554.86,554.89,243904.0
2025-07-10 12:50:00,554.88,555.2,554.86,555.115,141841.0
2025-07-10 12:55:00,555.115,555.175,554.91,554.92,244872.0
2025-07-10 13:00:00,554.92,555.27,554.9,555.17,152491.0
2025-07-10 13:05:00,555.17,555.29,554.98,555.15,192075.0
2025-07-10 13:10:00,555.13,555.37,555.01,555.055,273900.0
2025-07-10 13:15:00,555.06,555.21,554.86,555.21,297455.0
2025-07-10 13:20:00,555.22,555.395,555.085,555.31,169415.0
2025-07-10 13:25:00,555.32,555.5,555.245,555.395,319096.0
2025-07-10 13:30:00,555.39,555.77,555.3853,555.73,278588.0
2025-07-10 13:35:00,555.72,555.78,555.465,555.72,271866.0
2025-07-10 13:40:00,555.72,555.88,555.66,555.7225,191665.0
2025-07-10 13:45:00,555.74,555.8,555.52,555.7252,182995.0
2025-07-10 13:50:00,555.735,556.01,555.735,555.97,246414.0
2025-07-10 13:55:00,555.97,556.09,555.92,555.99,290222.0
2025-07-10 14:00:00,555.99,556.07,555.7901,555.995,232221.0
2025-07-10 14:05:00,555.98,556.19,555.97,556.05,216008.0
2025-07-10 14:10:00,556.05,556.13,555.95,555.985,168619.0
2025-07-10 14:15:00,555.98,556.25,555.93,556.1207,239087.0
2025-07-10 14:20:00,556.14,556.29,555.98,556.04,244322.0
2025-07-10 14:25:00,556.03,556.09,555.89,555.905,263858.0
2025-07-10 14:30:00,555.915,556.07,555.87,555.94,261913.0
2025-07-10 14:35:00,555.945,556.05,555.83,555.885,186612.0
2025-07-10 14:40:00,555.89,556.015,555.74,555.765,229514.0
2025-07-10 14:45:00,555.76,556.01,555.7,555.95,211089.0
2025-07-10 14:50:00,555.95,555.97,555.75,555.919,301370.0
2025-07-10 14:55:00,555.93,556.13,555.87,556.0007,219127.0
2025-07-10 15:00:00,556.0,556.16,555.92,556.03,324297.0
2025-07-10 15:05:00,556.03,556.105,555.89,556.085,268759.0
2025-07-10 15:10:00,556.08,556.1448,555.91,555.935,196925.0
2025-07-10 15:15:00,555.94,556.05,555.85,555.93,252766.0
2025-07-10 15:20:00,555.93,556.02,555.87,555.9,202983.0
2025-07-10 15:25:00,555.9,556.0001,555.73,555.81,244843.0
2025-07-10 15:30:00,555.8,555.95,555.66,555.9452,284646.0
2025-07-10 15:35:00,555.94,556.03,555.9099,556.0,247115.0
2025-07-10 15:40:00,556.0099,556.14,555.91,555.92,430288.0
2025-07-10 15:45:00,555.94,555.9598,555.61,555.71,625407.0
2025-07-10 15:50:00,555.71,555.73,554.89,555.315,1287011.0
2025-07-10 15:55:00,555.33,555.61,555.29,555.47,1042351.0
2025-07-10 16:00:00,555.46,555.55,555.0511,555.33,785964.0
2025-07-11 09:35:00,553.6625,553.71,552.33,552.76,810562.0
2025-07-11 09:40:00,552.76,552.85,552.22,552.37,606557.0
2025-07-11 09:45:00,552.38,553.85,552.05,553.76,919584.0
2025-07-11 09:50:00,553.75,554.1,553.6,553.698,727077.0
2025-07-11 09:55:00,553.71,554.52,553.42,554.43,620823.0
2025-07-11 10:00:00,554.43,554.55,554.14,554.26,599573.0
2025-07-11 10:05:00,554.27,554.61,553.99,554.14,463948.0
2025-07-11 10:10:00,554.12,554.83,553.95,554.79,550808.0
2025-07-11 10:15:00,554.79,555.02,554.575,554.8544,494133.0
2025-07-11 10:20:00,554.85,555.23,554.74,555.16,469199.0
2025-07-11 10:25:00,555.15,555.39,554.98,555.09,464937.0
2025-07-11 10:30:00,555.08,555.35,554.87,555.27,553464.0
2025-07-11 10:35:00,555.265,555.48,555.06,555.09,918265.0
2025-07-11 10:40:00,555.05,555.08,554.6621,554.97,468998.0
2025-07-11 10:45:00,554.95,555.01,554.62,554.86,312188.0
2025-07-11 10:50:00,554.86,554.97,554.1,554.28,544238.0
2025-07-11 10:55:00,554.29,554.5879,554.18,554.55,442166.0
2025-07-11 11:00:00,554.55,554.68,554.36,554.4348,339997.0
2025-07-11 11:05:00,554.41,554.455,554.05,554.19,400931.0
2025-07-11 11:10:00,554.2,554.34,553.265,553.265,570399.0
2025-07-11 11:15:00,553.27,553.78,553.11,553.755,430619.0
2025-07-11 11:20:00,553.76,554.48,553.76,553.96,397539.0
2025-07-11 11:25:00,553.93,554.13,553.64,554.095,342624.0
2025-07-11 11:30:00,554.09,554.43,554.05,554.35,305717.0
2025-07-11 11:35:00,554.33,554.83,554.3,554.79,325664.0
2025-07-11 11:40:00,554.8,555.51,554.8,555.27,648486.0
2025-07-11 11:45:00,555.271,555.38,554.941,554.955,477698.0
2025-07-11 11:50:00,554.9615,554.97,554.42,554.75,520511.0
2025-07-11 11:55:00,554.75,554.78,554.43,554.71,261665.0
2025-07-11 12:00:00,554.72,555.15,554.535,554.615,456689.0
2025-07-11 12:05:00,554.61,554.76,554.3,554.5,256042.0
2025-07-11 12:10:00,554.495,554.71,554.34,554.67,406998.0
2025-07-11 12:15:00,554.68,555.115,554.52,554.55,338809.0
2025-07-11 12:20:00,554.5499,555.15,554.53,555.05,277870.0
2025-07-11 12:25:00,555.06,555.17,554.9452,555.1001,245485.0
2025-07-11 12:30:00,555.11,555.33,554.82,555.08,268923.0
2025-07-11 12:35:00,555.09,555.16,554.805,555.05,207325.0
2025-07-11 12:40:00,555.04,555.15,554.615,554.64,228746.0
2025-07-11 12:45:00,554.62,554.92,552.5,554.7701,277545.0
2025-07-11 12:50:00,554.78,555.155,554.77,555.155,482616.0
2025-07-11 12:55:00,555.16,555.48,555.149,555.35,315681.0
2025-07-11 13:00:00,555.36,555.54,555.125,555.485,356216.0
2025-07-11 13:05:00,555.4747,555.79,555.4012,555.59,362287.0
2025-07-11 13:10:00,555.6,555.63,552.75,555.48,209113.0
2025-07-11 13:15:00,555.49,555.64,555.4248,555.62,170929.0
2025-07-11 13:20:00,555.615,555.67,555.23,555.2501,237699.0
2025-07-11 13:25:00,555.26,555.65,555.18,555.44,288681.0
2025-07-11 13:30:00,555.45,555.55,555.12,555.2347,243360.0
2025-07-11 13:35:00,555.24,555.26,554.48,554.62,376159.0
2025-07-11 13:40:00,554.61,554.92,554.37,554.68,462945.0
2025-07-11 13:45:00,554.69,555.05,554.615,555.02,228025.0
2025-07-11 13:50:00,555.0112,555.23,554.9,555.14,193109.0
2025-07-11 13:55:00,555.14,555.365,555.135,555.26,226614.0
2025-07-11 14:00:00,555.24,555.45,555.1909,555.23,291084.0
2025-07-11 14:05:00,555.22,555.605,555.14,555.305,285592.0
2025-07-11 14:10:00,555.28,555.54,555.12,555.39,209154.0
2025-07-11 14:15:00,555.39,555.46,555.1926,555.23,351103.0
2025-07-11 14:20:00,555.22,555.41,555.16,555.3548,324348.0
2025-07-11 14:25:00,555.35,555.47,555.1,555.29,429981.0
2025-07-11 14:30:00,555.29,555.57,555.2,555.48,264228.0
2025-07-11 14:35:00,555.51,555.72,555.38,555.445,358708.0
2025-07-11 14:40:00,555.45,555.64,555.4,555.55,232206.0
2025-07-11 14:45:00,555.55,555.6,555.24,555.3236,294254.0
2025-07-11 14:50:00,555.325,555.38,554.89,554.96,328051.0
2025-07-11 14:55:00,554.95,555.06,554.55,554.72,380039.0
2025-07-11 15:00:00,554.71,554.76,554.08,554.28,626888.0
2025-07-11 15:05:00,554.23,554.61,553.48,554.575,1057566.0
2025-07-11 15:10:00,554.58,554.73,554.27,554.665,496625.0
2025-07-11 15:15:00,554.68,554.95,554.6299,554.875,334144.0
2025-07-11 15:20:00,554.87,555.03,554.87,555.01,478587.0
2025-07-11 15:25:00,555.0,555.195,554.79,554.8,350305.0
2025-07-11 15:30:00,554.8,554.83,554.465,554.77,406451.0
2025-07-11 15:35:00,554.76,554.8551,554.58,554.72,251410.0
2025-07-11 15:40:00,554.715,554.83,554.42,554.53,333101.0
2025-07-11 15:45:00,554.53,554.79,554.47,554.78,352707.0
2025-07-11 15:50:00,554.77,554.79,554.32,554.54,800653.0
2025-07-11 15:55:00,554.54,554.8,554.19,554.21,1907779.0
2025-07-11 16:00:00,554.2,554.3167,553.8899,554.19,1023317.0
2025-07-14 09:35:00,553.83,554.44,553.41,553.78,882888.0
2025-07-14 09:40:00,553.73,553.9,551.88,551.9,1218053.0
2025-07-14 09:45:00,551.91,553.57,551.63,553.46,1652019.0
2025-07-14 09:50:00,553.45,553.83,553.1981,553.7604,707125.0
2025-07-14 09:55:00,553.77,553.86,553.055,553.27,549289.0
2025-07-14 10:00:00,553.28,553.835,553.15,553.8138,590835.0
2025-07-14 10:05:00,553.82,553.93,553.52,553.86,374111.0
2025-07-14 10:10:00,553.82,554.13,553.2699,554.055,683628.0
2025-07-14 10:15:00,554.06,554.57,554.02,554.511,743062.0
2025-07-14 10:20:00,554.52,555.08,554.39,554.835,800518.0
2025-07-14 10:25:00,554.83,554.86,553.7,553.9451,612097.0
2025-07-14 10:30:00,553.91,554.05,553.54,553.68,470821.0
2025-07-14 10:35:00,553.66,554.0801,553.5796,553.99,379211.0
2025-07-14 10:40:00,553.98,554.4,553.84,554.3702,309293.0
2025-07-14 10:45:00,554.355,554.66,554.22,554.35,318770.0
2025-07-14 10:50:00,554.35,554.92,554.27,554.8,437058.0
2025-07-14 10:55:00,554.8,555.18,554.765,555.17,462310.0
2025-07-14 11:00:00,555.16,555.9199,555.01,555.57,909645.0
2025-07-14 11:05:00,555.57,555.845,555.39,555.495,616879.0
2025-07-14 11:10:00,555.495,555.66,555.23,555.55,392359.0
2025-07-14 11:15:00,555.56,555.85,555.5,555.58,408074.0
2025-07-14 11:20:00,555.57,555.61,555.3092,555.3449,299255.0
2025-07-14 11:25:00,555.37,555.675,555.23,555.6552,240193.0
2025-07-14 11:30:00,555.66,555.74,555.275,555.32,343241.0
2025-07-14 11:35:00,555.33,555.72,555.2,555.56,337939.0
2025-07-14 11:40:00,555.56,555.74,555.485,555.5,293776.0
2025-07-14 11:45:00,555.505,555.56,555.24,555.475,287474.0
2025-07-14 11:50:00,555.51,555.605,555.3896,555.5001,214456.0
2025-07-14 11:55:00,555.48,555.6,555.2699,555.5801,345772.0
2025-07-14 12:00:00,555.57,555.58,555.36,555.43,213039.0
2025-07-14 12:05:00,555.42,555.99,555.41,555.95,301722.0
2025-07-14 12:10:00,555.95,556.06,555.81,555.9651,319517.0
2025-07-14 12:15:00,555.96,556.0,555.63,555.83,186738.0
2025-07-14 12:20:00,555.83,555.99,555.71,555.74,184353.0
2025-07-14 12:25:00,555.73,555.815,555.59,555.725,159523.0
2025-07-14 12:30:00,555.72,555.76,555.54,555.575,259318.0
2025-07-14 12:35:00,555.58,555.65,555.48,555.6099,177465.0
2025-07-14 12:40:00,555.61,556.02,555.57,555.78,316016.0
2025-07-14 12:45:00,555.76,556.04,555.645,556.03,336418.0
2025-07-14 12:50:00,556.025,556.1706,555.99,556.1706,191505.0
2025-07-14 12:55:00,556.17,556.32,556.09,556.16,497277.0
2025-07-14 13:00:00,556.17,556.46,556.1581,556.42,448057.0
2025-07-14 13:05:00,556.425,556.55,556.31,556.525,341659.0
2025-07-14 13:10:00,556.525,556.63,556.45,556.625,296734.0
2025-07-14 13:15:00,556.63,556.84,556.55,556.8178,382392.0
2025-07-14 13:20:00,556.81,556.8501,556.58,556.66,380130.0
2025-07-14 13:25:00,556.66,556.71,556.52,556.55,236748.0
2025-07-14 13:30:00,556.56,556.84,556.54,556.7406,325619.0
2025-07-14 13:35:00,556.75,556.945,556.65,556.7401,348989.0
2025-07-14 13:40:00,556.74,556.76,556.46,556.525,285114.0
2025-07-14 13:45:00,556.52,556.58,556.23,556.555,320119.0
2025-07-14 13:50:00,556.55,556.72,556.505,556.67,222811.0
2025-07-14 13:55:00,556.6652,556.695,556.42,556.4201,327443.0
2025-07-14 14:00:00,556.42,556.53,556.225,556.51,276059.0
2025-07-14 14:05:00,556.51,556.6049,556.39,556.51,244581.0
2025-07-14 14:10:00,556.4801,556.54,556.39,556.505,263593.0
2025-07-14 14:15:00,556.5,556.53,556.3,556.31,241460.0
2025-07-14 14:20:00,556.31,556.48,556.27,556.44,186708.0
2025-07-14 14:25:00,556.44,556.6,556.38,556.555,269584.0
2025-07-14 14:30:00,556.55,556.58,556.4048,556.46,194299.0
2025-07-14 14:35:00,556.45,556.589,556.39,556.4601,176011.0
2025-07-14 14:40:00,556.47,556.61,556.43,556.585,254064.0
2025-07-14 14:45:00,556.58,556.665,556.525,556.57,243728.0
2025-07-14 14:50:00,556.57,556.753,556.5,556.74,168421.0
2025-07-14 14:55:00,556.73,556.79,556.53,556.57,311031.0
2025-07-14 15:00:00,556.58,556.76,556.58,556.71,490801.0
2025-07-14 15:05:00,556.71,556.72,556.4015,556.41,260882.0
2025-07-14 15:10:00,556.4,556.46,556.28,556.44,275713.0
2025-07-14 15:15:00,556.44,556.505,556.27,556.42,251115.0
2025-07-14 15:20:00,556.42,556.48,556.21,556.305,359201.0
2025-07-14 15:25:00,556.295,556.64,556.28,556.36,451846.0
2025-07-14 15:30:00,556.35,556.35,556.03,556.16,353991.0
2025-07-14 15:35:00,556.15,556.19,556.02,556.07,208901.0
2025-07-14 15:40:00,556.05,556.14,555.92,556.01,388744.0
2025-07-14 15:45:00,556.0,556.1052,555.7488,556.0599,633607.0
2025-07-14 15:50:00,556.07,556.25,555.8414,556.195,791379.0
2025-07-14 15:55:00,556.19,556.38,555.9,556.18,1341711.0
2025-07-14 16:00:00,556.18,556.3,554.3291,556.04,937938.0
2025-07-15 09:35:00,559.35,559.92,559.135,559.1707,1012075.0
2025-07-15 09:40:00,559.19,559.56,558.4201,559.42,1011013.0
2025-07-15 09:45:00,559.42,559.89,558.9,559.04,823265.0
2025-07-15 09:50:00,559.05,559.5293,558.88,559.1614,601111.0
2025-07-15 09:55:00,559.17,559.33,558.655,558.7811,590108.0
2025-07-15 10:00:00,558.8,559.01,558.37,558.6952,755296.0
2025-07-15 10:05:00,558.71,559.4997,558.67,559.37,960409.0
2025-07-15 10:10:00,559.37,560.05,559.34,560.025,779207.0
2025-07-15 10:15:00,560.0,560.2104,559.58,559.9,652014.0
2025-07-15 10:20:00,559.88,560.2599,559.54,559.84,460392.0
2025-07-15 10:25:00,559.81,559.95,559.3,559.75,578732.0
2025-07-15 10:30:00,559.77,559.92,558.99,559.465,642245.0
2025-07-15 10:35:00,559.47,559.7,559.14,559.28,412188.0
2025-07-15 10:40:00,559.28,560.2599,558.61,558.855,686918.0
2025-07-15 10:45:00,558.835,559.38,558.785,559.19,474635.0
2025-07-15 10:50:00,559.18,559.37,557.98,558.4,879112.0
2025-07-15 10:55:00,558.42,558.42,557.76,557.845,713563.0
2025-07-15 11:00:00,557.86,558.45,557.86,558.205,534500.0
2025-07-15 11:05:00,558.23,558.8,558.17,558.58,407205.0
2025-07-15 11:10:00,558.58,558.995,558.49,558.49,414283.0
2025-07-15 11:15:00,558.5,558.85,558.41,558.77,448512.0
2025-07-15 11:20:00,558.77,559.33,558.6099,559.16,469218.0
2025-07-15 11:25:00,559.16,559.59,559.08,559.505,455138.0
2025-07-15 11:30:00,559.52,559.54,558.85,559.05,535271.0
2025-07-15 11:35:00,559.04,559.37,558.93,559.285,314221.0
2025-07-15 11:40:00,559.29,559.6,559.155,559.39,261475.0
2025-07-15 11:45:00,559.39,559.78,559.33,559.6683,480036.0
2025-07-15 11:50:00,559.6588,559.73,559.16,559.23,336559.0
2025-07-15 11:55:00,559.23,559.35,558.96,559.25,343936.0
2025-07-15 12:00:00,559.25,559.39,559.01,559.25,392728.0
2025-07-15 12:05:00,559.26,559.48,558.76,558.85,404559.0
2025-07-15 12:10:00,558.85,559.13,558.68,558.95,331115.0
2025-07-15 12:15:00,558.94,559.16,558.85,558.965,195701.0
2025-07-15 12:20:00,558.97,559.24,558.8,559.079,463387.0
2025-07-15 12:25:00,559.07,559.1,558.755,558.96,245069.0
2025-07-15 12:30:00,558.965,559.31,558.83,558.85,382204.0
2025-07-15 12:35:00,558.86,558.94,558.49,558.7498,291291.0
2025-07-15 12:40:00,558.74,558.8891,558.49,558.745,370492.0
2025-07-15 12:45:00,558.74,559.11,558.74,558.83,217454.0
2025-07-15 12:50:00,558.81,558.97,558.44,558.47,279770.0
2025-07-15 12:55:00,558.45,558.6099,557.46,557.84,801233.0
2025-07-15 13:00:00,557.83,558.62,557.79,558.4299,521617.0
2025-07-15 13:05:00,558.42,558.52,558.01,558.0152,273123.0
2025-07-15 13:10:00,558.03,558.25,557.855,557.99,319628.0
2025-07-15 13:15:00,557.98,558.18,557.54,558.12,457467.0
2025-07-15 13:20:00,558.11,558.4,558.0,558.28,315061.0
2025-07-15 13:25:00,558.28,558.35,558.03,558.32,291225.0
2025-07-15 13:30:00,558.31,558.595,558.285,558.5899,226245.0
2025-07-15 13:35:00,558.59,558.995,558.55,558.88,288925.0
2025-07-15 13:40:00,558.87,558.955,558.62,558.8299,224013.0
2025-07-15 13:45:00,558.83,558.93,558.72,558.75,170300.0
2025-07-15 13:50:00,558.755,559.23,558.65,559.23,270104.0
2025-07-15 13:55:00,559.22,559.5401,559.13,559.51,395561.0
2025-07-15 14:00:00,559.53,559.69,559.34,559.5999,445389.0
2025-07-15 14:05:00,559.585,559.73,559.45,559.6301,274377.0
2025-07-15 14:10:00,559.63,559.69,559.56,559.61,201467.0
2025-07-15 14:15:00,559.61,559.75,559.39,559.42,315277.0
2025-07-15 14:20:00,559.42,559.75,559.415,559.67,383956.0
2025-07-15 14:25:00,559.68,559.71,559.42,559.46,266571.0
2025-07-15 14:30:00,559.46,559.62,559.46,559.5,549099.0
2025-07-15 14:35:00,559.495,559.495,558.975,559.19,435994.0
2025-07-15 14:40:00,559.19,559.3298,559.0,559.06,260738.0
2025-07-15 14:45:00,559.06,559.23,559.0,559.0099,207321.0
2025-07-15 14:50:00,559.01,559.091,558.43,558.62,426930.0
2025-07-15 14:55:00,558.5999,558.64,557.72,557.73,815646.0
2025-07-15 15:00:00,557.71,558.38,557.48,558.2199,670450.0
2025-07-15 15:05:00,558.21,558.23,557.765,557.9401,556900.0
2025-07-15 15:10:00,557.9495,558.1,557.86,557.91,303396.0
2025-07-15 15:15:00,557.9,558.01,557.655,557.89,400909.0
2025-07-15 15:20:00,557.87,557.96,557.38,557.6499,476036.0
2025-07-15 15:25:00,557.64,557.815,557.39,557.57,479901.0
2025-07-15 15:30:00,557.58,557.7984,557.54,557.55,340876.0
2025-07-15 15:35:00,557.55,557.79,557.42,557.7,400402.0
2025-07-15 15:40:00,557.69,558.16,557.68,558.095,375294.0
2025-07-15 15:45:00,558.09,558.15,557.885,558.01,340997.0
2025-07-15 15:50:00,558.0,558.18,557.57,557.615,735091.0
2025-07-15 15:55:00,557.61,557.985,556.66,556.7,2547261.0
2025-07-15 16:00:00,556.69,558.6817,556.07,556.18,1557480.0
2025-07-16 09:35:00,556.17,556.73,555.86,556.555,712712.0
2025-07-16 09:40:00,556.56,556.57,555.65,555.83,640345.0
2025-07-16 09:45:00,555.81,556.29,555.44,555.465,638089.0
2025-07-16 09:50:00,555.46,555.49,554.65,554.7,760010.0
2025-07-16 09:55:00,554.69,555.1652,554.52,554.77,739313.0
2025-07-16 10:00:00,554.78,555.19,554.58,554.85,701810.0
2025-07-16 10:05:00,554.84,555.11,554.31,554.93,774316.0
2025-07-16 10:10:00,554.95,555.62,554.85,554.938,576512.0
2025-07-16 10:15:00,554.92,555.4,554.6,555.3701,490023.0
2025-07-16 10:20:00,555.36,555.7951,555.08,555.58,534558.0
2025-07-16 10:25:00,555.598,555.78,555.16,555.655,499501.0
2025-07-16 10:30:00,555.66,556.27,555.58,555.87,632842.0
2025-07-16 10:35:00,555.83,555.86,555.38,555.6501,547986.0
2025-07-16 10:40:00,555.65,555.91,555.25,555.565,359442.0
2025-07-16 10:45:00,555.56,556.12,555.53,556.02,368966.0
2025-07-16 10:50:00,556.0,556.3,554.75,554.96,1139019.0
2025-07-16 10:55:00,554.93,555.82,554.6,555.27,944137.0
2025-07-16 11:00:00,555.31,556.12,555.18,555.91,574835.0
2025-07-16 11:05:00,555.91,556.14,555.2548,555.925,311904.0
2025-07-16 11:10:00,555.97,556.52,555.845,556.5199,438025.0
2025-07-16 11:15:00,556.49,556.58,553.98,554.1,2109907.0
2025-07-16 11:20:00,554.05,554.35,553.07,553.48,1816048.0
2025-07-16 11:25:00,553.46,555.33,553.39,555.0448,940111.0
2025-07-16 11:30:00,555.04,555.12,552.84,553.03,1675895.0
2025-07-16 11:35:00,553.02,553.02,551.56,552.3799,1721068.0
2025-07-16 11:40:00,552.39,554.03,552.08,553.92,1372185.0
2025-07-16 11:45:00,553.94,554.28,553.59,554.1804,816965.0
2025-07-16 11:50:00,554.19,554.54,553.41,554.24,718665.0
2025-07-16 11:55:00,554.26,556.08,554.14,555.27,2092300.0
2025-07-16 12:00:00,555.27,555.53,554.81,555.04,588949.0
2025-07-16 12:05:00,555.05,555.68,554.85,555.26,657943.0
2025-07-16 12:10:00,555.27,555.6992,554.64,555.07,388608.0
2025-07-16 12:15:00,555.04,555.5251,554.95,555.16,328500.0
2025-07-16 12:20:00,555.15,555.16,554.565,555.0,294537.0
2025-07-16 12:25:00,555.0,555.15,554.4,555.1,365288.0
2025-07-16 12:30:00,555.14,555.35,555.0,555.24,259892.0
2025-07-16 12:35:00,555.26,555.58,555.08,555.53,280236.0
2025-07-16 12:40:00,555.512,555.66,555.38,555.3901,329582.0
2025-07-16 12:45:00,555.38,560.21,554.6,555.56,493377.0
2025-07-16 12:50:00,555.57,556.31,555.55,556.19,555949.0
2025-07-16 12:55:00,556.17,556.66,556.17,556.595,495339.0
2025-07-16 13:00:00,556.59,556.76,556.32,556.675,542182.0
2025-07-16 13:05:00,556.675,557.06,556.62,556.845,369127.0
2025-07-16 13:10:00,556.85,557.11,556.692,556.85,514689.0
2025-07-16 13:15:00,556.85,556.94,556.65,556.835,587034.0
2025-07-16 13:20:00,556.84,557.0,556.62,556.82,312028.0
2025-07-16 13:25:00,556.81,556.845,556.45,556.48,494211.0
2025-07-16 13:30:00,556.49,556.57,556.32,556.42,371558.0
2025-07-16 13:35:00,556.43,556.63,556.33,556.49,233895.0
2025-07-16 13:40:00,556.48,556.51,556.14,556.33,420896.0
2025-07-16 13:45:00,556.33,556.5,556.12,556.23,272142.0
2025-07-16 13:50:00,556.22,556.29,556.0,556.165,391564.0
2025-07-16 13:55:00,556.19,556.45,556.17,556.1926,340033.0
2025-07-16 14:00:00,556.2,556.39,555.9901,556.3275,223974.0
2025-07-16 14:05:00,556.31,556.44,556.08,556.23,230682.0
2025-07-16 14:10:00,556.24,556.31,556.0,556.27,281520.0
2025-07-16 14:15:00,556.27,556.54,556.15,556.15,230573.0
2025-07-16 14:20:00,556.15,556.4893,555.92,556.42,326275.0
2025-07-16 14:25:00,556.41,556.675,556.35,556.58,314144.0
2025-07-16 14:30:00,556.57,556.81,556.57,556.705,367479.0
2025-07-16 14:35:00,556.7,556.9399,556.66,556.88,323567.0
2025-07-16 14:40:00,556.88,557.08,556.81,556.9801,338683.0
2025-07-16 14:45:00,556.98,557.0,556.65,556.7701,373325.0
2025-07-16 14:50:00,556.76,556.905,556.7,556.8801,307998.0
2025-07-16 14:55:00,556.88,557.28,556.8285,557.26,436066.0
2025-07-16 15:00:00,557.27,557.47,557.15,557.1799,594374.0
2025-07-16 15:05:00,557.16,557.41,557.07,557.33,293888.0
2025-07-16 15:10:00,557.345,557.39,557.07,557.13,315894.0
2025-07-16 15:15:00,557.135,557.16,556.92,557.115,408223.0
2025-07-16 15:20:00,557.1,557.2,557.0,557.1,248246.0
2025-07-16 15:25:00,557.1,557.305,557.07,557.26,367447.0
2025-07-16 15:30:00,557.25,557.315,557.1,557.21,471693.0
2025-07-16 15:35:00,557.2,557.64,557.11,557.58,421512.0
2025-07-16 15:40:00,557.59,557.94,557.58,557.7599,631115.0
2025-07-16 15:45:00,557.75,557.85,557.55,557.805,650721.0
2025-07-16 15:50:00,557.8,557.8,557.44,557.585,913374.0
2025-07-16 15:55:00,557.6,557.71,557.3,557.34,1339743.0
2025-07-16 16:00:00,557.34,557.3619,556.8527,557.12,1706405.0
2025-07-17 09:35:00,557.65,557.88,557.305,557.54,832349.0
2025-07-17 09:40:00,557.53,558.69,557.4,558.555,825107.0
2025-07-17 09:45:00,558.56,558.92,558.45,558.9,563176.0
2025-07-17 09:50:00,558.89,559.38,558.78,559.29,467473.0
2025-07-17 09:55:00,559.29,559.42,558.97,559.2,398129.0
2025-07-17 10:00:00,559.22,559.81,559.19,559.76,590751.0
2025-07-17 10:05:00,559.74,559.78,559.39,559.61,595288.0
2025-07-17 10:10:00,559.6,559.68,559.0,559.26,539224.0
2025-07-17 10:15:00,559.27,559.37,558.82,558.8449,374400.0
2025-07-17 10:20:00,558.845,559.0452,558.39,558.7,587566.0
2025-07-17 10:25:00,558.71,559.36,558.5707,559.31,534080.0
2025-07-17 10:30:00,559.32,559.89,559.15,559.72,395669.0
2025-07-17 10:35:00,559.72,559.905,559.44,559.63,434664.0
2025-07-17 10:40:00,559.64,559.9,559.575,559.75,295001.0
2025-07-17 10:45:00,559.775,560.27,559.65,560.235,473230.0
2025-07-17 10:50:00,560.22,560.325,560.0,560.06,445005.0
2025-07-17 10:55:00,560.06,560.37,559.95,560.2625,420499.0
2025-07-17 11:00:00,560.27,560.78,560.245,560.78,651906.0
2025-07-17 11:05:00,560.775,561.44,560.72,561.19,1102614.0
2025-07-17 11:10:00,561.205,561.26,560.96,561.23,430491.0
2025-07-17 11:15:00,561.245,561.29,560.8,560.95,358482.0
2025-07-17 11:20:00,560.945,561.06,560.78,561.05,334253.0
2025-07-17 11:25:00,561.055,561.1489,560.94,561.0849,305410.0
2025-07-17 11:30:00,561.085,561.11,560.81,560.86,444202.0
2025-07-17 11:35:00,560.86,561.18,560.82,561.16,424360.0
2025-07-17 11:40:00,561.15,561.47,561.14,561.35,316751.0
2025-07-17 11:45:00,561.34,561.51,561.32,561.345,282532.0
2025-07-17 11:50:00,561.34,561.53,561.25,561.39,357747.0
2025-07-17 11:55:00,561.39,561.68,561.34,561.58,255988.0
2025-07-17 12:00:00,561.58,561.78,561.505,561.73,319529.0
2025-07-17 12:05:00,561.735,561.91,561.615,561.87,410616.0
2025-07-17 12:10:00,561.87,561.955,561.69,561.75,290393.0
2025-07-17 12:15:00,561.755,561.81,561.48,561.51,473662.0
2025-07-17 12:20:00,561.52,562.11,561.5,561.975,465272.0
2025-07-17 12:25:00,561.97,562.21,561.75,561.825,924726.0
2025-07-17 12:30:00,561.82,561.85,561.64,561.82,319080.0
2025-07-17 12:35:00,561.81,561.875,561.57,561.6,323510.0
2025-07-17 12:40:00,561.61,561.78,561.52,561.66,212870.0
2025-07-17 12:45:00,561.67,561.89,561.595,561.88,225374.0
2025-07-17 12:50:00,561.885,561.9601,561.67,561.7099,255922.0
2025-07-17 12:55:00,561.705,561.8051,561.63,561.775,154199.0
2025-07-17 13:00:00,561.78,561.84,561.67,561.75,720969.0
2025-07-17 13:05:00,561.74,561.74,561.555,561.69,188385.0
2025-07-17 13:10:00,561.69,561.845,561.62,561.815,251537.0
2025-07-17 13:15:00,561.815,561.94,561.75,561.94,167321.0
2025-07-17 13:20:00,561.935,561.935,561.675,561.76,265233.0
2025-07-17 13:25:00,561.78,561.8299,561.21,561.815,409178.0
2025-07-17 13:30:00,561.81,561.9,561.69,561.81,265993.0
2025-07-17 13:35:00,561.81,561.91,561.745,561.835,145428.0
2025-07-17 13:40:00,561.825,561.98,561.815,561.87,168848.0
2025-07-17 13:45:00,561.87,561.97,561.73,561.915,598068.0
2025-07-17 13:50:00,561.915,561.97,561.76,561.91,313830.0
2025-07-17 13:55:00,561.915,562.235,561.91,562.23,278531.0
2025-07-17 14:00:00,562.235,562.31,561.88,561.915,493869.0
2025-07-17 14:05:00,561.92,561.92,561.62,561.65,311421.0
2025-07-17 14:10:00,561.65,561.695,561.4,561.415,309335.0
2025-07-17 14:15:00,561.415,561.72,561.3,561.68,402642.0
2025-07-17 14:20:00,561.675,561.8,561.52,561.77,550442.0
2025-07-17 14:25:00,561.775,561.83,561.5899,561.755,275390.0
2025-07-17 14:30:00,561.755,561.83,561.545,561.675,320572.0
2025-07-17 14:35:00,561.675,561.79,561.525,561.765,395600.0
2025-07-17 14:40:00,561.77,561.805,561.6648,561.74,503871.0
2025-07-17 14:45:00,561.75,561.8091,561.68,561.78,273084.0
2025-07-17 14:50:00,561.8,561.93,561.655,561.66,410805.0
2025-07-17 14:55:00,561.67,561.825,561.63,561.66,330003.0
2025-07-17 15:00:00,561.67,562.14,561.62,562.0596,426866.0
2025-07-17 15:05:00,562.06,562.075,561.8,561.865,385405.0
2025-07-17 15:10:00,561.865,561.9192,561.77,561.81,348882.0
2025-07-17 15:15:00,561.8,561.92,561.785,561.895,496273.0
2025-07-17 15:20:00,561.89,561.93,561.785,561.89,437123.0
2025-07-17 15:25:00,561.88,561.905,561.79,561.885,435661.0
2025-07-17 15:30:00,561.88,562.16,561.79,562.0545,547930.0
2025-07-17 15:35:00,562.05,562.12,561.91,562.075,716519.0
2025-07-17 15:40:00,562.075,562.11,561.73,561.77,442764.0
2025-07-17 15:45:00,561.76,562.0499,561.69,561.9899,1002734.0
2025-07-17 15:50:00,561.98,562.28,561.67,561.87,1230355.0
2025-07-17 15:55:00,561.86,561.98,561.49,561.8,1784573.0
2025-07-17 16:00:00,561.82,562.01,557.4183,561.35,1239635.0
2025-07-18 09:35:00,562.91,563.02,562.11,562.51,624555.0
2025-07-18 09:40:00,562.53,562.64,562.29,562.35,484578.0
2025-07-18 09:45:00,562.33,563.0,562.32,562.78,513766.0
2025-07-18 09:50:00,562.78,562.96,561.95,562.2514,758244.0
2025-07-18 09:55:00,562.26,562.28,561.95,562.08,460377.0
2025-07-18 10:00:00,562.12,562.87,561.66,561.8549,608857.0
2025-07-18 10:05:00,561.82,562.02,561.5,561.755,485581.0
2025-07-18 10:10:00,561.73,561.93,561.27,561.41,427969.0
2025-07-18 10:15:00,561.39,561.51,560.8,561.3692,1144317.0
2025-07-18 10:20:00,561.36,561.59,560.8,560.9,720873.0
2025-07-18 10:25:00,560.9,560.97,560.33,560.4801,623774.0
2025-07-18 10:30:00,560.49,560.9351,560.41,560.76,483348.0
2025-07-18 10:35:00,560.75,561.08,560.53,560.805,479350.0
2025-07-18 10:40:00,560.8,561.23,560.6612,561.215,471156.0
2025-07-18 10:45:00,561.21,561.38,560.835,560.9,700817.0
2025-07-18 10:50:00,560.905,561.2,560.83,560.905,353475.0
2025-07-18 10:55:00,560.91,561.265,560.74,560.778,334448.0
2025-07-18 11:00:00,560.78,560.87,560.34,560.41,590020.0
2025-07-18 11:05:00,560.41,560.975,560.32,560.86,460443.0
2025-07-18 11:10:00,560.84,561.0999,560.73,560.785,1499383.0
2025-07-18 11:15:00,560.775,561.17,560.755,560.78,253232.0
2025-07-18 11:20:00,560.79,561.0252,560.66,560.79,333407.0
2025-07-18 11:25:00,560.77,561.0801,560.7,561.045,2537224.0
2025-07-18 11:30:00,561.05,564.7262,561.05,561.375,856264.0
2025-07-18 11:35:00,561.37,561.54,561.255,561.29,362820.0
2025-07-18 11:40:00,561.28,561.57,561.11,561.45,229391.0
2025-07-18 11:45:00,561.46,561.77,561.395,561.76,249159.0
2025-07-18 11:50:00,561.75,561.92,561.71,561.8401,353794.0
2025-07-18 11:55:00,561.84,561.87,561.58,561.805,294965.0
2025-07-18 12:00:00,561.81,561.85,561.48,561.57,389545.0
2025-07-18 12:05:00,561.57,561.6701,561.24,561.37,258478.0
2025-07-18 12:10:00,561.38,561.42,561.17,561.19,411782.0
2025-07-18 12:15:00,561.19,561.24,560.985,561.22,371738.0
2025-07-18 12:20:00,561.22,561.27,560.83,561.125,374807.0
2025-07-18 12:25:00,561.13,561.225,560.13,560.72,1139469.0
2025-07-18 12:30:00,560.73,560.75,560.16,560.3681,340605.0
2025-07-18 12:35:00,560.37,560.5601,559.98,560.54,859833.0
2025-07-18 12:40:00,560.52,560.94,560.5,560.84,374395.0
2025-07-18 12:45:00,560.85,561.0374,560.43,560.64,444349.0
2025-07-18 12:50:00,560.65,560.96,560.54,560.6999,509648.0
2025-07-18 12:55:00,560.705,560.735,560.22,560.36,719661.0
2025-07-18 13:00:00,560.36,560.555,560.01,560.31,863983.0
2025-07-18 13:05:00,560.31,560.64,560.22,560.439,489342.0
2025-07-18 13:10:00,560.43,560.8,560.04,560.78,937492.0
2025-07-18 13:15:00,560.8,560.8399,560.5701,560.63,977924.0
2025-07-18 13:20:00,560.645,561.025,560.57,560.8,357261.0
2025-07-18 13:25:00,560.79,561.11,560.67,560.9202,248722.0
2025-07-18 13:30:00,560.92,561.1952,560.91,561.09,258674.0
2025-07-18 13:35:00,561.1,561.175,560.78,561.17,644918.0
2025-07-18 13:40:00,561.18,561.21,560.79,560.822,219361.0
2025-07-18 13:45:00,560.815,560.9,560.565,560.785,212059.0
2025-07-18 13:50:00,560.79,560.79,560.44,560.51,507993.0
2025-07-18 13:55:00,560.51,560.7,560.38,560.6114,324890.0
2025-07-18 14:00:00,560.64,561.04,560.6,561.02,3154323.0
2025-07-18 14:05:00,561.015,561.07,560.72,560.82,218584.0
2025-07-18 14:10:00,560.82,560.82,560.57,560.68,509843.0
2025-07-18 14:15:00,560.67,560.84,560.51,560.84,499183.0
2025-07-18 14:20:00,560.84,561.015,560.8299,560.98,280354.0
2025-07-18 14:25:00,560.975,561.0799,560.89,561.07,166939.0
2025-07-18 14:30:00,561.055,561.2981,560.9,561.01,479229.0
2025-07-18 14:35:00,561.02,561.14,560.96,560.99,349061.0
2025-07-18 14:40:00,561.0,561.24,560.985,561.15,226137.0
2025-07-18 14:45:00,561.14,561.195,560.955,561.085,166514.0
2025-07-18 14:50:00,561.085,561.1,560.73,560.78,219697.0
2025-07-18 14:55:00,560.78,560.78,560.58,560.735,603113.0
2025-07-18 15:00:00,560.73,560.86,560.61,560.635,297650.0
2025-07-18 15:05:00,560.63,560.89,560.62,560.87,204979.0
2025-07-18 15:10:00,560.87,560.95,560.79,560.89,328128.0
2025-07-18 15:15:00,560.89,561.245,560.88,561.24,487175.0
2025-07-18 15:20:00,561.24,561.38,561.16,561.195,313039.0
2025-07-18 15:25:00,561.17,561.17,560.88,560.95,439879.0
2025-07-18 15:30:00,560.95,561.01,560.69,560.765,397104.0
2025-07-18 15:35:00,560.76,560.83,560.6599,560.7,303249.0
2025-07-18 15:40:00,560.685,560.9,560.64,560.86,567342.0
2025-07-18 15:45:00,560.87,561.01,560.7901,560.96,652469.0
2025-07-18 15:50:00,560.98,561.31,560.98,561.235,1319023.0
2025-07-18 15:55:00,561.22,561.32,560.97,561.26,1680723.0
2025-07-18 16:00:00,561.26,561.6256,560.92,561.2,1338114.0
2025-07-21 09:35:00,563.15,563.8499,563.07,563.7953,685029.0
2025-07-21 09:40:00,563.8,564.272,563.71,564.04,835563.0
2025-07-21 09:45:00,564.05,565.16,564.0199,564.98,1163488.0
2025-07-21 09:50:00,564.98,565.08,564.6739,564.875,691967.0
2025-07-21 09:55:00,564.88,565.39,564.8,564.91,697929.0
2025-07-21 10:00:00,564.93,565.52,564.93,565.3347,780286.0
2025-07-21 10:05:00,565.34,565.52,565.24,565.2901,481742.0
2025-07-21 10:10:00,565.3,565.48,565.02,565.47,474494.0
2025-07-21 10:15:00,565.48,565.57,565.2,565.3313,373447.0
2025-07-21 10:20:00,565.34,565.9,565.31,565.6,782736.0
2025-07-21 10:25:00,565.59,565.88,565.47,565.8784,320212.0
2025-07-21 10:30:00,565.89,566.06,565.77,565.925,894230.0
2025-07-21 10:35:00,565.9399,566.06,565.76,565.81,444643.0
2025-07-21 10:40:00,565.81,565.82,565.5308,565.73,302055.0
2025-07-21 10:45:00,565.72,565.72,565.29,565.35,300910.0
2025-07-21 10:50:00,565.35,565.45,565.19,565.32,357318.0
2025-07-21 10:55:00,565.32,565.57,565.28,565.45,365453.0
2025-07-21 11:00:00,565.45,565.46,565.245,565.35,292154.0
2025-07-21 11:05:00,565.32,565.37,565.03,565.19,402993.0
2025-07-21 11:10:00,565.21,565.47,565.11,565.46,235873.0
2025-07-21 11:15:00,565.46,565.46,565.1148,565.16,257384.0
2025-07-21 11:20:00,565.17,565.3999,565.13,565.32,182988.0
2025-07-21 11:25:00,565.33,565.51,565.29,565.4299,271798.0
2025-07-21 11:30:00,565.43,565.56,565.34,565.5,269490.0
2025-07-21 11:35:00,565.49,565.61,565.45,565.485,229356.0
2025-07-21 11:40:00,565.485,565.6299,565.425,565.48,209754.0
2025-07-21 11:45:00,565.47,565.59,565.36,565.485,193314.0
2025-07-21 11:50:00,565.485,565.58,565.355,565.36,184085.0
2025-07-21 11:55:00,565.35,565.48,565.065,565.16,555236.0
2025-07-21 12:00:00,565.16,565.2781,564.855,565.19,551667.0
2025-07-21 12:05:00,565.2,565.2,564.7,564.9892,437085.0
2025-07-21 12:10:00,565.0,565.015,564.765,564.985,252507.0
2025-07-21 12:15:00,564.97,565.05,564.67,564.938,417640.0
2025-07-21 12:20:00,564.93,564.95,564.535,564.57,408981.0
2025-07-21 12:25:00,564.57,564.98,564.55,564.98,312495.0
2025-07-21 12:30:00,564.962,565.24,564.94,565.23,269276.0
2025-07-21 12:35:00,565.23,565.33,565.01,565.09,425327.0
2025-07-21 12:40:00,565.09,565.3,564.96,565.29,178886.0
2025-07-21 12:45:00,565.28,565.4,565.2197,565.3753,182385.0
2025-07-21 12:50:00,565.395,565.68,565.395,565.68,778879.0
2025-07-21 12:55:00,565.67,565.755,565.5409,565.6201,463944.0
2025-07-21 13:00:00,565.63,565.8801,565.628,565.83,433941.0
2025-07-21 13:05:00,565.84,565.9099,565.66,565.66,327443.0
2025-07-21 13:10:00,565.67,565.82,565.62,565.78,146815.0
2025-07-21 13:15:00,565.78,565.99,565.67,565.965,289381.0
2025-07-21 13:20:00,565.97,566.04,565.83,565.87,328833.0
2025-07-21 13:25:00,565.8899,565.9552,565.84,565.93,329119.0
2025-07-21 13:30:00,565.91,566.049,565.88,566.0,189061.0
2025-07-21 13:35:00,565.99,565.995,565.805,565.84,139407.0
2025-07-21 13:40:00,565.84,565.94,565.76,565.79,159020.0
2025-07-21 13:45:00,565.78,565.98,565.78,565.95,155069.0
2025-07-21 13:50:00,565.935,565.95,565.82,565.95,166296.0
2025-07-21 13:55:00,565.95,566.01,565.78,565.78,722156.0
2025-07-21 14:00:00,565.77,565.83,565.67,565.77,225270.0
2025-07-21 14:05:00,565.76,565.85,565.75,565.8101,111021.0
2025-07-21 14:10:00,565.81,565.845,565.53,565.655,331093.0
2025-07-21 14:15:00,565.64,565.8491,565.64,565.74,155166.0
2025-07-21 14:20:00,565.735,565.92,565.66,565.88,189637.0
2025-07-21 14:25:00,565.87,565.88,565.73,565.79,198569.0
2025-07-21 14:30:00,565.795,565.81,565.6,565.63,200536.0
2025-07-21 14:35:00,565.6326,565.72,565.585,565.68,133297.0
2025-07-21 14:40:00,565.68,565.74,565.5,565.58,233330.0
2025-07-21 14:45:00,565.575,565.63,565.21,565.385,619365.0
2025-07-21 14:50:00,565.38,565.53,565.26,565.37,386534.0
2025-07-21 14:55:00,565.37,565.88,565.18,565.27,458457.0
2025-07-21 15:00:00,565.285,565.32,565.01,565.14,571583.0
2025-07-21 15:05:00,565.13,565.26,564.8,564.85,454939.0
2025-07-21 15:10:00,564.84,564.94,564.54,564.87,994211.0
2025-07-21 15:15:00,564.86,564.98,564.67,564.87,487364.0
2025-07-21 15:20:00,564.87,565.02,564.85,564.99,301246.0
2025-07-21 15:25:00,564.98,565.02,564.61,564.7499,637683.0
2025-07-21 15:30:00,564.745,564.9701,564.685,564.7,514549.0
2025-07-21 15:35:00,564.7,564.92,564.665,564.83,427104.0
2025-07-21 15:40:00,564.84,564.909,564.38,564.47,760282.0
2025-07-21 15:45:00,564.46,564.485,564.0601,564.33,1037017.0
2025-07-21 15:50:00,564.32,564.58,564.08,564.18,904276.0
2025-07-21 15:55:00,564.19,564.27,563.79,564.16,1967692.0
2025-07-21 16:00:00,564.17,564.38,561.25,564.17,948917.0
2025-07-22 09:35:00,562.96,563.56,562.9,563.34,785561.0
2025-07-22 09:40:00,563.34,563.35,562.19,562.66,907617.0
2025-07-22 09:45:00,562.67,562.68,561.0,561.085,1372471.0
2025-07-22 09:50:00,561.06,561.27,558.63,559.06,2878329.0
2025-07-22 09:55:00,559.05,560.07,558.86,559.335,1562424.0
2025-07-22 10:00:00,559.34,559.34,558.61,559.18,1430988.0
2025-07-22 10:05:00,559.18,560.32,559.16,560.215,1000585.0
2025-07-22 10:10:00,560.21,560.48,559.99,560.32,1093319.0
2025-07-22 10:15:00,560.32,560.74,560.0218,560.11,589738.0
2025-07-22 10:20:00,560.12,560.39,559.8601,559.8799,830578.0
2025-07-22 10:25:00,559.86,560.08,559.7401,560.01,462109.0
2025-07-22 10:30:00,560.0,560.85,559.96,560.81,565368.0
2025-07-22 10:35:00,560.83,561.3401,560.79,561.04,709561.0
2025-07-22 10:40:00,561.05,561.39,560.88,561.13,519305.0
2025-07-22 10:45:00,561.13,561.4352,560.73,560.86,353391.0
2025-07-22 10:50:00,560.86,560.97,560.68,560.82,401057.0
2025-07-22 10:55:00,560.83,561.48,560.74,561.352,455902.0
2025-07-22 11:00:00,561.36,561.49,560.94,561.13,523496.0
2025-07-22 11:05:00,561.16,561.43,561.112,561.16,300370.0
2025-07-22 11:10:00,561.16,561.37,560.89,560.96,282742.0
2025-07-22 11:15:00,560.95,561.18,560.635,561.18,388682.0
2025-07-22 11:20:00,561.18,561.3099,560.84,560.93,223907.0
2025-07-22 11:25:00,560.92,561.135,560.885,560.97,244625.0
2025-07-22 11:30:00,560.96,561.56,560.85,561.54,334167.0
2025-07-22 11:35:00,561.53,561.55,561.1,561.2607,341137.0
2025-07-22 11:40:00,561.25,561.36,561.0152,561.12,315333.0
2025-07-22 11:45:00,561.12,561.61,561.0,561.31,311980.0
2025-07-22 11:50:00,561.29,561.465,561.065,561.145,299633.0
2025-07-22 11:55:00,561.16,561.27,560.83,560.935,251945.0
2025-07-22 12:00:00,560.95,561.07,560.53,561.0492,536492.0
2025-07-22 12:05:00,561.045,561.175,560.82,561.07,241074.0
2025-07-22 12:10:00,561.05,561.1,560.67,560.85,232023.0
2025-07-22 12:15:00,560.85,561.3599,560.84,561.2048,200893.0
2025-07-22 12:20:00,561.19,561.26,560.835,560.8507,261655.0
2025-07-22 12:25:00,560.84,560.8531,559.91,560.1,600656.0
2025-07-22 12:30:00,560.1,560.51,559.975,560.3618,357379.0
2025-07-22 12:35:00,560.34,560.42,560.18,560.2695,189928.0
2025-07-22 12:40:00,560.29,560.37,559.78,560.17,404722.0
2025-07-22 12:45:00,560.18,560.29,559.8999,560.27,296000.0
2025-07-22 12:50:00,560.27,560.75,560.16,560.68,420077.0
2025-07-22 12:55:00,560.68,560.77,560.44,560.71,253917.0
2025-07-22 13:00:00,560.715,560.9017,560.67,560.86,263967.0
2025-07-22 13:05:00,560.875,560.96,560.64,560.7001,181486.0
2025-07-22 13:10:00,560.69,560.8752,560.68,560.795,266651.0
2025-07-22 13:15:00,560.795,561.105,560.795,561.08,323178.0
2025-07-22 13:20:00,561.1,561.35,561.04,561.225,352521.0
2025-07-22 13:25:00,561.2199,561.975,561.21,561.82,512821.0
2025-07-22 13:30:00,561.82,563.29,561.64,561.69,312122.0
2025-07-22 13:35:00,561.6907,561.76,561.6,561.6506,224687.0
2025-07-22 13:40:00,561.655,561.66,561.1,561.26,265089.0
2025-07-22 13:45:00,561.27,561.3,561.1,561.1653,218305.0
2025-07-22 13:50:00,561.15,561.21,560.96,561.0852,282384.0
2025-07-22 13:55:00,561.09,561.25,561.06,561.19,141252.0
2025-07-22 14:00:00,561.18,561.47,561.11,561.215,242912.0
2025-07-22 14:05:00,561.2,561.415,561.15,561.41,147383.0
2025-07-22 14:10:00,561.42,561.4451,561.18,561.2,216558.0
2025-07-22 14:15:00,561.2001,561.23,560.06,560.86,578853.0
2025-07-22 14:20:00,560.86,561.26,560.76,561.04,397551.0
2025-07-22 14:25:00,561.02,561.33,560.985,561.15,228274.0
2025-07-22 14:30:00,561.1445,561.55,561.1,561.54,282120.0
2025-07-22 14:35:00,561.54,561.89,561.535,561.88,431157.0
2025-07-22 14:40:00,561.87,561.9592,561.67,561.77,317836.0
2025-07-22 14:45:00,561.76,561.7951,561.64,561.71,195397.0
2025-07-22 14:50:00,561.71,562.04,561.71,561.94,278402.0
2025-07-22 14:55:00,561.94,562.06,561.87,562.035,266735.0
2025-07-22 15:00:00,562.02,562.14,561.71,561.79,382312.0
2025-07-22 15:05:00,561.79,561.84,561.66,561.8,248191.0
2025-07-22 15:10:00,561.79,561.9,561.58,561.58,374286.0
2025-07-22 15:15:00,561.59,561.76,561.52,561.73,264690.0
2025-07-22 15:20:00,561.74,561.89,561.5901,561.722,448871.0
2025-07-22 15:25:00,561.73,561.8608,561.64,561.72,274864.0
2025-07-22 15:30:00,561.71,561.95,561.575,561.82,566363.0
2025-07-22 15:35:00,561.81,562.13,561.8,561.98,383909.0
2025-07-22 15:40:00,561.97,561.99,561.7,561.73,709771.0
2025-07-22 15:45:00,561.74,561.83,561.61,561.73,448147.0
2025-07-22 15:50:00,561.72,561.89,561.54,561.575,704104.0
2025-07-22 15:55:00,561.58,561.94,561.21,561.29,2551267.0
2025-07-22 16:00:00,561.28,561.32,560.6,561.1701,1331928.0
2025-07-23 09:35:00,561.33,561.7552,561.2,561.47,839516.0
2025-07-23 09:40:00,561.46,561.64,560.77,560.7999,709564.0
2025-07-23 09:45:00,560.8,561.1,559.95,560.76,1071028.0
2025-07-23 09:50:00,560.73,561.06,560.32,560.81,538299.0
2025-07-23 09:55:00,560.81,560.87,559.93,560.05,713152.0
2025-07-23 10:00:00,560.03,560.39,559.76,559.9,707450.0
2025-07-23 10:05:00,559.88,560.49,559.71,560.115,533398.0
2025-07-23 10:10:00,560.11,560.1867,559.58,559.68,615068.0
2025-07-23 10:15:00,559.67,560.55,559.64,560.09,555282.0
2025-07-23 10:20:00,560.04,560.5,559.97,560.43,388225.0
2025-07-23 10:25:00,560.42,560.69,560.26,560.69,378705.0
2025-07-23 10:30:00,560.68,560.725,559.68,559.715,378519.0
2025-07-23 10:35:00,559.69,560.16,559.67,559.995,750187.0
2025-07-23 10:40:00,559.985,560.4299,559.83,560.23,260482.0
2025-07-23 10:45:00,560.22,560.5,560.09,560.47,278664.0
2025-07-23 10:50:00,560.48,560.715,560.31,560.69,274746.0
2025-07-23 10:55:00,560.71,560.94,560.615,560.848,268567.0
2025-07-23 11:00:00,560.84,561.27,560.44,560.69,531757.0
2025-07-23 11:05:00,560.66,560.91,560.35,560.77,239891.0
2025-07-23 11:10:00,560.77,560.94,560.58,560.61,216466.0
2025-07-23 11:15:00,560.61,560.79,560.535,560.78,196512.0
2025-07-23 11:20:00,560.78,561.13,560.705,560.9093,220509.0
2025-07-23 11:25:00,560.915,561.1,560.75,561.045,793684.0
2025-07-23 11:30:00,561.04,561.18,560.87,561.0,229182.0
2025-07-23 11:35:00,561.025,561.165,560.78,561.05,333079.0
2025-07-23 11:40:00,561.02,561.17,560.92,561.14,203224.0
2025-07-23 11:45:00,561.14,561.26,560.915,561.2,230214.0
2025-07-23 11:50:00,561.21,563.0,561.15,562.37,1135289.0
2025-07-23 11:55:00,562.34,563.07,561.92,562.22,1587774.0
2025-07-23 12:00:00,562.21,562.33,561.77,562.28,988846.0
2025-07-23 12:05:00,562.28,562.365,561.91,562.15,521874.0
2025-07-23 12:10:00,562.17,562.2201,561.44,561.59,622246.0
2025-07-23 12:15:00,561.61,561.8,561.1,561.5,354402.0
2025-07-23 12:20:00,561.48,561.59,560.71,561.155,506504.0
2025-07-23 12:25:00,561.16,561.3748,560.91,561.09,216775.0
2025-07-23 12:30:00,561.09,561.35,560.94,561.0852,270929.0
2025-07-23 12:35:00,561.09,561.34,561.05,561.27,317932.0
2025-07-23 12:40:00,561.26,561.53,561.15,561.5048,276162.0
2025-07-23 12:45:00,561.51,561.6,561.32,561.55,237034.0
2025-07-23 12:50:00,561.56,561.61,561.4,561.48,214856.0
2025-07-23 12:55:00,561.49,561.7,561.48,561.54,151833.0
2025-07-23 13:00:00,561.54,561.77,561.43,561.72,440899.0
2025-07-23 13:05:00,561.7201,561.78,561.54,561.54,204728.0
2025-07-23 13:10:00,561.5499,561.64,561.3,561.38,217974.0
2025-07-23 13:15:00,561.36,561.52,561.2,561.385,178124.0
2025-07-23 13:20:00,561.37,561.69,561.34,561.645,160480.0
2025-07-23 13:25:00,561.63,561.8,561.61,561.66,169808.0
2025-07-23 13:30:00,561.66,561.945,561.63,561.94,253402.0
2025-07-23 13:35:00,561.935,561.98,561.8,561.935,240395.0
2025-07-23 13:40:00,561.94,562.35,561.875,562.33,319197.0
2025-07-23 13:45:00,562.33,562.475,562.2,562.36,242836.0
2025-07-23 13:50:00,562.37,562.51,561.47,562.1852,870917.0
2025-07-23 13:55:00,562.18,562.4899,562.17,562.3607,285159.0
2025-07-23 14:00:00,562.36,562.62,562.36,562.545,383619.0
2025-07-23 14:05:00,562.545,562.72,562.42,562.64,365738.0
2025-07-23 14:10:00,562.64,563.2,562.61,563.05,364561.0
2025-07-23 14:15:00,563.06,563.1701,562.91,562.99,445558.0
2025-07-23 14:20:00,562.98,563.505,562.98,563.48,465864.0
2025-07-23 14:25:00,563.48,563.8,563.08,563.125,483000.0
2025-07-23 14:30:00,563.12,563.15,562.875,563.06,376098.0
2025-07-23 14:35:00,563.07,563.28,563.0251,563.1401,192867.0
2025-07-23 14:40:00,563.15,563.2877,563.02,563.19,308247.0
2025-07-23 14:45:00,563.2,563.36,563.07,563.36,152416.0
2025-07-23 14:50:00,563.34,563.3799,563.05,563.16,185520.0
2025-07-23 14:55:00,563.1594,563.29,563.05,563.27,155943.0
2025-07-23 15:00:00,563.29,563.3,563.0748,563.0899,329336.0
2025-07-23 15:05:00,563.0899,563.23,562.92,563.18,523539.0
2025-07-23 15:10:00,563.18,563.3,562.99,563.01,326426.0
2025-07-23 15:15:00,562.99,563.06,562.9,563.01,222976.0
2025-07-23 15:20:00,563.01,563.16,562.9707,563.07,200698.0
2025-07-23 15:25:00,563.06,563.1201,562.88,563.09,215054.0
2025-07-23 15:30:00,563.08,563.08,562.71,562.8399,273278.0
2025-07-23 15:35:00,562.83,562.832,562.6,562.665,765962.0
2025-07-23 15:40:00,562.66,562.725,562.5,562.57,284945.0
2025-07-23 15:45:00,562.555,562.9,562.505,562.79,487503.0
2025-07-23 15:50:00,562.79,563.28,562.68,563.04,937269.0
2025-07-23 15:55:00,563.03,563.84,562.95,563.83,1788602.0
2025-07-23 16:00:00,563.84,565.31,563.35,564.14,804661.0
2025-07-24 09:35:00,564.98,565.12,564.25,564.4733,1027005.0
2025-07-24 09:40:00,564.51,564.9,563.87,564.775,1124264.0
2025-07-24 09:45:00,564.81,565.77,564.69,565.5399,604351.0
2025-07-24 09:50:00,565.54,565.55,564.48,564.52,613905.0
2025-07-24 09:55:00,564.52,565.08,564.52,564.85,366362.0
2025-07-24 10:00:00,564.88,564.91,564.21,564.37,626177.0
2025-07-24 10:05:00,564.38,564.88,563.99,564.0499,470214.0
2025-07-24 10:10:00,564.045,564.27,563.295,563.63,1147212.0
2025-07-24 10:15:00,563.64,564.2798,563.37,564.16,580041.0
2025-07-24 10:20:00,564.16,564.29,563.89,564.055,391380.0
2025-07-24 10:25:00,564.04,564.29,563.87,564.11,391363.0
2025-07-24 10:30:00,564.12,564.35,564.03,564.16,375363.0
2025-07-24 10:35:00,564.16,564.805,564.11,564.615,383852.0
2025-07-24 10:40:00,564.61,564.76,564.49,564.595,276806.0
2025-07-24 10:45:00,564.6,564.89,564.58,564.79,324295.0
2025-07-24 10:50:00,564.78,565.03,564.75,564.945,499930.0
2025-07-24 10:55:00,564.935,565.29,564.79,565.07,387908.0
2025-07-24 11:00:00,565.08,565.44,565.04,565.375,565177.0
2025-07-24 11:05:00,565.35,565.44,565.24,565.27,344762.0
2025-07-24 11:10:00,565.29,565.52,565.11,565.45,261357.0
2025-07-24 11:15:00,565.44,565.57,565.13,565.19,275114.0
2025-07-24 11:20:00,565.2,565.5201,565.18,565.49,306311.0
2025-07-24 11:25:00,565.495,565.64,565.18,565.265,265397.0
2025-07-24 11:30:00,565.27,565.35,565.035,565.21,346038.0
2025-07-24 11:35:00,565.2,565.22,564.9748,565.135,261128.0
2025-07-24 11:40:00,565.15,565.3,565.06,565.21,286330.0
2025-07-24 11:45:00,565.21,565.44,565.12,565.37,412047.0
2025-07-24 11:50:00,565.38,565.72,565.34,565.54,397568.0
2025-07-24 11:55:00,565.54,565.57,565.39,565.42,215343.0
2025-07-24 12:00:00,565.395,565.43,564.86,564.92,415127.0
2025-07-24 12:05:00,564.92,565.02,564.64,564.84,493039.0
2025-07-24 12:10:00,564.84,564.9,564.6,564.675,276476.0
2025-07-24 12:15:00,564.66,564.92,564.54,564.885,371108.0
2025-07-24 12:20:00,564.87,565.03,564.75,564.83,297665.0
2025-07-24 12:25:00,564.82,564.84,564.27,564.54,455225.0
2025-07-24 12:30:00,564.545,564.675,564.38,564.5765,449356.0
2025-07-24 12:35:00,564.56,564.82,564.3948,564.81,257767.0
2025-07-24 12:40:00,564.81,564.9451,564.75,564.8001,248806.0
2025-07-24 12:45:00,564.8,564.84,564.61,564.79,235924.0
2025-07-24 12:50:00,564.8,564.925,564.595,564.89,259604.0
2025-07-24 12:55:00,564.89,565.1097,564.84,565.01,284858.0
2025-07-24 13:00:00,565.0,565.2,564.91,565.17,207038.0
2025-07-24 13:05:00,565.175,565.52,565.16,565.52,309784.0
2025-07-24 13:10:00,565.52,566.03,565.51,565.981,563459.0
2025-07-24 13:15:00,566.0,566.23,565.7,565.865,428907.0
2025-07-24 13:20:00,565.87,565.93,565.75,565.86,247424.0
2025-07-24 13:25:00,565.86,565.8601,565.43,565.455,218985.0
2025-07-24 13:30:00,565.46,565.7,565.43,565.61,195775.0
2025-07-24 13:35:00,565.6,565.72,565.53,565.63,197468.0
2025-07-24 13:40:00,565.64,565.74,565.32,565.46,216627.0
2025-07-24 13:45:00,565.46,565.62,565.45,565.588,209560.0
2025-07-24 13:50:00,565.58,565.73,565.5409,565.6646,232572.0
2025-07-24 13:55:00,565.65,565.66,565.25,565.32,223281.0
2025-07-24 14:00:00,565.3293,565.685,565.3093,565.66,372772.0
2025-07-24 14:05:00,565.66,565.9,565.6,565.895,532023.0
2025-07-24 14:10:00,565.88,566.23,565.86,566.03,723415.0
2025-07-24 14:15:00,566.04,566.15,565.9399,566.1,233672.0
2025-07-24 14:20:00,566.12,566.14,565.84,565.97,341531.0
2025-07-24 14:25:00,565.98,566.08,565.95,566.07,453043.0
2025-07-24 14:30:00,566.07,566.1997,565.95,566.04,415405.0
2025-07-24 14:35:00,566.04,566.05,565.85,565.89,292125.0
2025-07-24 14:40:00,565.89,565.93,565.68,565.772,285851.0
2025-07-24 14:45:00,565.77,565.78,565.15,565.6,581550.0
2025-07-24 14:50:00,565.6,565.63,565.44,565.535,465722.0
2025-07-24 14:55:00,565.53,565.82,565.52,565.71,272528.0
2025-07-24 15:00:00,565.715,565.91,565.62,565.8333,661866.0
2025-07-24 15:05:00,565.84,565.855,565.62,565.765,489439.0
2025-07-24 15:10:00,565.77,566.03,565.74,565.79,557789.0
2025-07-24 15:15:00,565.795,566.005,565.77,565.92,611769.0
2025-07-24 15:20:00,565.92,566.1799,565.895,566.17,676182.0
2025-07-24 15:25:00,566.17,566.24,565.84,566.065,814462.0
2025-07-24 15:30:00,566.05,566.18,565.95,566.05,705655.0
2025-07-24 15:35:00,566.06,566.095,565.86,565.9,768494.0
2025-07-24 15:40:00,565.89,565.955,565.69,565.805,1442617.0
2025-07-24 15:45:00,565.81,565.825,565.34,565.695,2133533.0
2025-07-24 15:50:00,565.7,565.81,565.39,565.51,1500825.0
2025-07-24 15:55:00,565.505,565.6,564.98,565.09,1568179.0
2025-07-24 16:00:00,565.09,565.8,563.5991,565.04,1535504.0
2025-07-25 09:35:00,565.07,565.39,564.27,564.775,726951.0
2025-07-25 09:40:00,564.77,565.07,564.57,564.98,574068.0
2025-07-25 09:45:00,565.02,565.545,564.99,565.535,911229.0
2025-07-25 09:50:00,565.54,565.92,565.29,565.76,676156.0
2025-07-25 09:55:00,565.77,566.11,565.52,565.652,496918.0
2025-07-25 10:00:00,565.68,566.17,565.65,565.65,497583.0
2025-07-25 10:05:00,565.6405,566.01,565.53,565.97,476814.0
2025-07-25 10:10:00,565.96,566.31,565.91,566.04,385370.0
2025-07-25 10:15:00,566.04,566.12,565.69,565.9885,432588.0
2025-07-25 10:20:00,565.98,566.075,565.68,565.89,347288.0
2025-07-25 10:25:00,565.88,566.06,565.75,566.03,327421.0
2025-07-25 10:30:00,566.03,566.37,565.75,565.92,563512.0
2025-07-25 10:35:00,565.95,566.32,565.945,565.95,292308.0
2025-07-25 10:40:00,565.945,566.18,565.91,566.1,238385.0
2025-07-25 10:45:00,566.11,566.28,566.015,566.235,307484.0
2025-07-25 10:50:00,566.23,566.2401,565.92,565.93,313095.0
2025-07-25 10:55:00,565.915,566.03,565.66,566.02,511251.0
2025-07-25 11:00:00,566.02,566.06,565.73,565.8999,284750.0
2025-07-25 11:05:00,565.9,566.0499,565.81,565.85,257556.0
2025-07-25 11:10:00,565.852,566.09,565.83,566.0,233594.0
2025-07-25 11:15:00,566.005,566.27,565.9792,566.225,238008.0
2025-07-25 11:20:00,566.23,566.4091,565.97,566.25,363979.0
2025-07-25 11:25:00,566.25,566.43,566.1,566.355,231330.0
2025-07-25 11:30:00,566.35,566.54,566.275,566.3,232214.0
2025-07-25 11:35:00,566.31,566.315,565.95,566.09,255496.0
2025-07-25 11:40:00,566.09,566.26,565.9701,566.01,202175.0
2025-07-25 11:45:00,565.99,566.3,565.96,566.27,229572.0
2025-07-25 11:50:00,566.26,566.455,566.26,566.39,309550.0
2025-07-25 11:55:00,566.38,566.48,566.36,566.3901,217665.0
2025-07-25 12:00:00,566.39,566.53,566.29,566.3818,295366.0
2025-07-25 12:05:00,566.39,566.75,566.31,566.67,451135.0
2025-07-25 12:10:00,566.64,567.05,566.625,566.9289,975135.0
2025-07-25 12:15:00,566.92,567.065,566.84,566.9,354981.0
2025-07-25 12:20:00,566.89,567.25,566.76,567.235,398367.0
2025-07-25 12:25:00,567.23,567.59,567.1901,567.415,626164.0
2025-07-25 12:30:00,567.4,567.695,567.3101,567.32,526551.0
2025-07-25 12:35:00,567.32,567.4252,567.27,567.33,367743.0
2025-07-25 12:40:00,567.325,567.345,567.13,567.2126,167904.0
2025-07-25 12:45:00,567.22,567.26,567.05,567.07,231301.0
2025-07-25 12:50:00,567.08,567.33,567.02,567.3,116605.0
2025-07-25 12:55:00,567.3,567.32,567.1,567.1,126693.0
2025-07-25 13:00:00,567.09,567.11,566.9096,566.9901,285180.0
2025-07-25 13:05:00,567.0,567.11,566.91,566.98,168026.0
2025-07-25 13:10:00,566.99,567.0652,566.91,567.015,108926.0
2025-07-25 13:15:00,567.01,567.0392,566.775,566.78,168942.0
2025-07-25 13:20:00,566.78,567.0,566.672,566.9901,169644.0
2025-07-25 13:25:00,566.985,567.12,566.94,566.97,173481.0
2025-07-25 13:30:00,566.97,567.19,566.9672,567.13,198131.0
2025-07-25 13:35:00,567.13,567.209,567.05,567.0501,115500.0
2025-07-25 13:40:00,567.06,567.08,566.91,567.0,143068.0
2025-07-25 13:45:00,567.01,567.07,566.91,567.02,107969.0
2025-07-25 13:50:00,567.02,567.04,566.76,566.79,216868.0
2025-07-25 13:55:00,566.7852,567.0,566.7852,566.82,108592.0
2025-07-25 14:00:00,566.83,566.92,566.64,566.78,253498.0
2025-07-25 14:05:00,566.77,566.87,566.55,566.7501,157512.0
2025-07-25 14:10:00,566.76,567.0,566.75,566.97,183134.0
2025-07-25 14:15:00,566.98,567.105,566.97,567.105,138315.0
2025-07-25 14:20:00,567.11,567.32,567.1,567.22,169551.0
2025-07-25 14:25:00,567.2499,567.275,567.06,567.125,143741.0
2025-07-25 14:30:00,567.13,567.24,567.06,567.13,155418.0
2025-07-25 14:35:00,567.13,567.2152,566.98,567.08,201787.0
2025-07-25 14:40:00,567.07,567.28,567.07,567.25,118683.0
2025-07-25 14:45:00,567.25,567.31,567.18,567.19,265005.0
2025-07-25 14:50:00,567.18,567.18,566.9801,567.03,662664.0
2025-07-25 14:55:00,567.03,567.11,566.87,566.915,399859.0
2025-07-25 15:00:00,566.9,567.02,566.85,566.9,178973.0
2025-07-25 15:05:00,566.9,566.94,566.8,566.92,117985.0
2025-07-25 15:10:00,566.9199,567.12,566.88,567.0,187978.0
2025-07-25 15:15:00,566.9896,567.18,566.98,567.175,226919.0
2025-07-25 15:20:00,567.19,567.2004,566.96,566.99,540145.0
2025-07-25 15:25:00,566.97,567.01,566.795,566.82,218938.0
2025-07-25 15:30:00,566.805,566.95,566.751,566.88,517331.0
2025-07-25 15:35:00,566.87,567.0852,566.85,566.995,302018.0
2025-07-25 15:40:00,566.99,567.035,566.715,566.735,298456.0
2025-07-25 15:45:00,566.74,566.91,566.71,566.78,541657.0
2025-07-25 15:50:00,566.77,566.78,566.375,566.39,1107223.0
2025-07-25 15:55:00,566.4,566.49,566.06,566.39,1612930.0
2025-07-25 16:00:00,566.38,566.7418,565.96,566.4,1588267.0
2025-07-28 09:35:00,568.27,568.51,567.92,568.08,657410.0
2025-07-28 09:40:00,568.1,568.34,567.7,568.28,569272.0
2025-07-28 09:45:00,568.28,568.8488,568.14,568.42,754690.0
2025-07-28 09:50:00,568.41,568.87,568.26,568.55,469249.0
2025-07-28 09:55:00,568.55,568.88,568.402,568.86,612430.0
2025-07-28 10:00:00,568.86,568.985,568.5,568.65,736359.0
2025-07-28 10:05:00,568.645,569.04,568.57,568.9208,471523.0
2025-07-28 10:10:00,568.93,569.005,568.44,568.7653,419019.0
2025-07-28 10:15:00,568.76,568.9,568.505,568.57,316815.0
2025-07-28 10:20:00,568.56,568.73,567.81,568.37,665148.0
2025-07-28 10:25:00,568.36,568.68,568.25,568.46,318035.0
2025-07-28 10:30:00,568.44,568.565,568.29,568.45,330276.0
2025-07-28 10:35:00,568.43,568.5799,568.29,568.57,259446.0
2025-07-28 10:40:00,568.57,568.83,568.4499,568.45,307589.0
2025-07-28 10:45:00,568.45,568.53,568.31,568.42,201394.0
2025-07-28 10:50:00,568.41,568.41,567.98,568.12,313759.0
2025-07-28 10:55:00,568.115,568.355,568.07,568.235,221975.0
2025-07-28 11:00:00,568.23,568.3155,568.01,568.13,294142.0
2025-07-28 11:05:00,568.13,568.39,568.1,568.3,195811.0
2025-07-28 11:10:00,568.32,568.32,568.04,568.18,239479.0
2025-07-28 11:15:00,568.18,568.3,567.29,567.435,712661.0
2025-07-28 11:20:00,567.39,567.68,566.87,567.66,623901.0
2025-07-28 11:25:00,567.66,567.955,567.54,567.9167,320558.0
2025-07-28 11:30:00,567.925,568.16,567.85,567.95,298372.0
2025-07-28 11:35:00,567.95,568.14,567.95,567.99,218505.0
2025-07-28 11:40:00,567.99,568.13,567.9,568.1,271136.0
2025-07-28 11:45:00,568.1,568.26,568.02,568.23,288308.0
2025-07-28 11:50:00,568.23,568.38,568.155,568.29,303661.0
2025-07-28 11:55:00,568.3,568.38,568.21,568.245,198076.0
2025-07-28 12:00:00,568.25,568.25,568.0,568.11,220932.0
2025-07-28 12:05:00,568.1,568.14,567.78,567.81,352223.0
2025-07-28 12:10:00,567.8,568.0799,567.77,568.07,278587.0
2025-07-28 12:15:00,568.0777,568.385,568.03,568.33,370082.0
2025-07-28 12:20:00,568.34,568.57,568.21,568.3,310334.0
2025-07-28 12:25:00,568.3,568.36,568.135,568.255,243482.0
2025-07-28 12:30:00,568.255,568.265,567.9724,568.095,248079.0
2025-07-28 12:35:00,568.095,568.14,567.96,568.06,127631.0
2025-07-28 12:40:00,568.065,568.235,568.031,568.1,205465.0
2025-07-28 12:45:00,568.1,568.1,567.85,567.935,234391.0
2025-07-28 12:50:00,567.93,568.07,567.78,567.945,173213.0
2025-07-28 12:55:00,567.945,568.105,567.925,568.04,223492.0
2025-07-28 13:00:00,568.05,568.1,567.61,567.88,383495.0
2025-07-28 13:05:00,567.86,567.975,567.71,567.81,284245.0
2025-07-28 13:10:00,567.82,568.03,567.78,568.02,118622.0
2025-07-28 13:15:00,568.01,568.04,567.3,567.54,241149.0
2025-07-28 13:20:00,567.51,567.835,567.46,567.58,309283.0
2025-07-28 13:25:00,567.575,567.73,567.4,567.5301,226875.0
2025-07-28 13:30:00,567.535,567.99,567.52,567.95,195403.0
2025-07-28 13:35:00,567.94,568.0,567.83,567.89,190007.0
2025-07-28 13:40:00,567.89,568.0401,567.88,567.98,105439.0
2025-07-28 13:45:00,567.99,568.0452,567.77,567.77,133774.0
2025-07-28 13:50:00,567.78,567.86,567.62,567.64,159679.0
2025-07-28 13:55:00,567.635,567.745,567.41,567.445,174214.0
2025-07-28 14:00:00,567.44,567.618,567.23,567.37,350362.0
2025-07-28 14:05:00,567.36,567.45,566.96,567.282,525079.0
2025-07-28 14:10:00,567.27,567.535,567.12,567.52,260976.0
2025-07-28 14:15:00,567.51,567.67,567.505,567.54,298337.0
2025-07-28 14:20:00,567.53,567.53,567.22,567.26,399674.0
2025-07-28 14:25:00,567.25,567.47,567.21,567.47,197744.0
2025-07-28 14:30:00,567.47,567.5351,567.16,567.26,221610.0
2025-07-28 14:35:00,567.26,567.37,567.0895,567.31,258158.0
2025-07-28 14:40:00,567.31,567.43,567.23,567.33,130708.0
2025-07-28 14:45:00,567.33,567.4783,567.215,567.43,198473.0
2025-07-28 14:50:00,567.44,567.635,567.395,567.57,410358.0
2025-07-28 14:55:00,567.57,567.66,567.45,567.4701,199911.0
2025-07-28 15:00:00,567.46,567.535,567.335,567.4101,235073.0
2025-07-28 15:05:00,567.41,567.445,567.23,567.2799,269384.0
2025-07-28 15:10:00,567.29,567.47,567.22,567.39,646983.0
2025-07-28 15:15:00,567.405,567.4482,567.18,567.335,244861.0
2025-07-28 15:20:00,567.35,567.55,567.315,567.415,276877.0
2025-07-28 15:25:00,567.41,567.47,567.37,567.46,151467.0
2025-07-28 15:30:00,567.46,567.5,567.3,567.38,436719.0
2025-07-28 15:35:00,567.39,567.52,567.345,567.4099,394061.0
2025-07-28 15:40:00,567.4,567.61,567.36,567.6035,370829.0
2025-07-28 15:45:00,567.61,567.67,567.47,567.63,352675.0
2025-07-28 15:50:00,567.62,567.97,567.56,567.88,691962.0
2025-07-28 15:55:00,567.87,568.29,567.87,568.2,1935759.0
2025-07-28 16:00:00,568.2,568.455,568.12,568.4497,1536182.0
2025-07-29 09:35:00,571.61,572.11,571.485,571.95,887075.0
2025-07-29 09:40:00,571.96,572.03,571.21,571.38,784763.0
2025-07-29 09:45:00,571.37,571.47,570.27,570.625,899863.0
2025-07-29 09:50:00,570.62,570.67,569.8,570.575,1116903.0
2025-07-29 09:55:00,570.58,570.75,570.08,570.56,713418.0
2025-07-29 10:00:00,570.69,570.72,569.84,570.07,827393.0
2025-07-29 10:05:00,570.08,570.3,569.725,570.185,516268.0
2025-07-29 10:10:00,570.18,570.525,570.04,570.2,518118.0
2025-07-29 10:15:00,570.19,570.34,569.84,570.11,665391.0
2025-07-29 10:20:00,570.1,570.18,569.75,569.99,484862.0
2025-07-29 10:25:00,569.99,570.04,569.41,569.89,715508.0
2025-07-29 10:30:00,569.88,570.11,569.72,569.86,497623.0
2025-07-29 10:35:00,569.89,570.13,569.78,570.01,454574.0
2025-07-29 10:40:00,569.985,570.3,569.69,569.77,473638.0
2025-07-29 10:45:00,569.77,570.1,569.66,569.74,312310.0
2025-07-29 10:50:00,569.7,569.81,568.82,569.125,663805.0
2025-07-29 10:55:00,569.12,569.33,568.87,569.135,437449.0
2025-07-29 11:00:00,569.11,569.47,568.85,568.9499,502389.0
2025-07-29 11:05:00,568.91,568.98,568.62,568.79,405052.0
2025-07-29 11:10:00,568.75,569.21,568.685,568.702,496444.0
2025-07-29 11:15:00,568.7097,568.74,568.27,568.35,775197.0
2025-07-29 11:20:00,568.35,568.63,568.12,568.16,650887.0
2025-07-29 11:25:00,568.16,568.24,567.42,567.545,966985.0
2025-07-29 11:30:00,567.54,568.255,567.3,568.105,841208.0
2025-07-29 11:35:00,568.09,568.09,567.66,567.66,476983.0
2025-07-29 11:40:00,567.65,567.785,566.92,567.43,872184.0
2025-07-29 11:45:00,567.4299,568.57,567.4299,568.37,762433.0
2025-07-29 11:50:00,568.35,568.72,568.25,568.7001,832748.0
2025-07-29 11:55:00,568.71,568.88,568.05,568.51,481238.0
2025-07-29 12:00:00,568.48,568.72,568.28,568.485,396020.0
2025-07-29 12:05:00,568.48,568.55,568.05,568.13,1465135.0
2025-07-29 12:10:00,568.15,568.33,567.93,568.03,265808.0
2025-07-29 12:15:00,568.01,568.27,567.77,568.125,282352.0
2025-07-29 12:20:00,568.12,568.1852,567.75,567.775,220441.0
2025-07-29 12:25:00,567.78,567.96,567.605,567.86,286824.0
2025-07-29 12:30:00,567.84,568.07,567.66,567.66,245850.0
2025-07-29 12:35:00,567.68,567.825,567.18,567.3,313523.0
2025-07-29 12:40:00,567.29,567.92,567.255,567.9,300002.0
2025-07-29 12:45:00,567.89,568.04,567.64,567.895,220064.0
2025-07-29 12:50:00,567.89,568.115,567.89,568.045,209054.0
2025-07-29 12:55:00,568.04,568.59,568.04,568.58,371342.0
2025-07-29 13:00:00,568.58,568.89,568.4,568.6699,322442.0
2025-07-29 13:05:00,568.6699,568.75,568.475,568.575,288375.0
2025-07-29 13:10:00,568.57,568.79,568.565,568.7099,204550.0
2025-07-29 13:15:00,568.705,568.89,568.68,568.72,299565.0
2025-07-29 13:20:00,568.7299,568.74,568.51,568.65,389649.0
2025-07-29 13:25:00,568.65,568.99,568.5,568.5699,372697.0
2025-07-29 13:30:00,568.58,568.74,568.4647,568.49,207722.0
2025-07-29 13:35:00,568.49,568.53,567.84,568.165,424192.0
2025-07-29 13:40:00,568.14,568.2,567.57,567.83,376090.0
2025-07-29 13:45:00,567.83,568.03,567.6,567.6299,372328.0
2025-07-29 13:50:00,567.6,567.96,567.49,567.9099,483198.0
2025-07-29 13:55:00,567.9,568.32,567.87,568.2207,355807.0
2025-07-29 14:00:00,568.21,568.46,568.09,568.44,325082.0
2025-07-29 14:05:00,568.44,568.46,568.095,568.115,300059.0
2025-07-29 14:10:00,568.13,568.24,568.0,568.19,162397.0
2025-07-29 14:15:00,568.19,568.35,568.1,568.2401,128271.0
2025-07-29 14:20:00,568.25,568.2553,567.69,567.8548,207072.0
2025-07-29 14:25:00,567.88,567.9152,567.675,567.87,140690.0
2025-07-29 14:30:00,567.87,568.26,567.85,568.21,237136.0
2025-07-29 14:35:00,568.2,568.4,568.1,568.38,141170.0
2025-07-29 14:40:00,568.39,568.56,568.16,568.215,325052.0
2025-07-29 14:45:00,568.23,568.349,568.01,568.09,238205.0
2025-07-29 14:50:00,568.1,568.2299,567.92,568.06,143226.0
2025-07-29 14:55:00,568.07,568.075,567.79,567.9,254345.0
2025-07-29 15:00:00,567.89,567.9967,567.83,567.945,252866.0
2025-07-29 15:05:00,567.97,568.08,567.88,567.94,249137.0
2025-07-29 15:10:00,567.9512,568.02,567.71,568.0,204091.0
2025-07-29 15:15:00,568.0,568.03,567.74,567.82,317819.0
2025-07-29 15:20:00,567.82,567.935,567.57,567.7001,201012.0
2025-07-29 15:25:00,567.71,567.71,567.39,567.4,369849.0
2025-07-29 15:30:00,567.41,567.54,567.28,567.295,624955.0
2025-07-29 15:35:00,567.295,567.33,566.53,566.63,1457756.0
2025-07-29 15:40:00,566.61,567.2,566.61,567.175,1135971.0
2025-07-29 15:45:00,567.18,567.37,567.13,567.31,674846.0
2025-07-29 15:50:00,567.3,567.52,567.125,567.36,1311906.0
2025-07-29 15:55:00,567.35,567.39,566.82,567.33,2939268.0
2025-07-29 16:00:00,567.33,568.5853,567.0,567.28,1167493.0
2025-07-30 09:35:00,568.15,568.69,568.07,568.27,639370.0
2025-07-30 09:40:00,568.29,568.69,568.05,568.65,489138.0
2025-07-30 09:45:00,568.63,569.11,568.03,568.22,841591.0
2025-07-30 09:50:00,568.23,568.29,567.81,568.0,474699.0
2025-07-30 09:55:00,567.995,568.23,567.76,568.06,412586.0
2025-07-30 10:00:00,568.06,568.1,567.69,567.915,451282.0
2025-07-30 10:05:00,567.89,568.445,567.82,568.02,309946.0
2025-07-30 10:10:00,568.02,568.135,567.67,567.98,254378.0
2025-07-30 10:15:00,567.98,568.465,567.94,568.34,283370.0
2025-07-30 10:20:00,568.34,569.0,568.15,568.85,394926.0
2025-07-30 10:25:00,568.85,568.88,568.515,568.57,350574.0
2025-07-30 10:30:00,568.58,569.15,568.58,568.84,390601.0
2025-07-30 10:35:00,568.84,569.0651,568.6899,568.8,305420.0
2025-07-30 10:40:00,568.805,569.1,568.76,568.915,206720.0
2025-07-30 10:45:00,568.92,569.095,568.87,568.875,215774.0
2025-07-30 10:50:00,568.88,569.35,568.85,569.26,267605.0
2025-07-30 10:55:00,569.255,569.468,568.775,568.8493,298946.0
2025-07-30 11:00:00,568.835,569.0901,568.585,568.65,223634.0
2025-07-30 11:05:00,568.6405,568.78,568.51,568.61,167681.0
2025-07-30 11:10:00,568.6,568.67,567.92,568.06,421307.0
2025-07-30 11:15:00,568.06,568.365,567.875,568.2,335033.0
2025-07-30 11:20:00,568.21,568.58,568.06,568.52,305945.0
2025-07-30 11:25:00,568.521,568.61,568.11,568.17,241669.0
2025-07-30 11:30:00,568.18,568.325,567.91,567.99,177291.0
2025-07-30 11:35:00,567.99,568.31,567.98,568.2,128701.0
2025-07-30 11:40:00,568.22,568.61,568.205,568.565,219408.0
2025-07-30 11:45:00,568.56,568.585,568.395,568.56,112558.0
2025-07-30 11:50:00,568.56,568.79,568.49,568.78,146211.0
2025-07-30 11:55:00,568.78,569.21,568.76,569.2,333771.0
2025-07-30 12:00:00,569.195,569.205,568.9,569.06,185748.0
2025-07-30 12:05:00,569.045,569.08,568.93,569.04,137311.0
2025-07-30 12:10:00,569.0499,569.25,568.94,569.19,117749.0
2025-07-30 12:15:00,569.19,569.54,569.18,569.37,259118.0
2025-07-30 12:20:00,569.37,569.6,569.37,569.49,173327.0
2025-07-30 12:25:00,569.46,569.4701,569.265,569.33,170453.0
2025-07-30 12:30:00,569.335,569.49,569.235,569.29,110849.0
2025-07-30 12:35:00,569.31,569.32,569.08,569.135,110785.0
2025-07-30 12:40:00,569.13,569.22,568.94,569.08,141335.0
2025-07-30 12:45:00,569.095,569.24,569.05,569.16,98253.0
2025-07-30 12:50:00,569.185,569.3652,569.18,569.2308,94257.0
2025-07-30 12:55:00,569.24,569.33,569.06,569.3,145183.0
2025-07-30 13:00:00,569.31,569.47,569.2497,569.4,105117.0
2025-07-30 13:05:00,569.39,569.445,569.15,569.1905,129733.0
2025-07-30 13:10:00,569.18,569.345,569.11,569.27,89896.0
2025-07-30 13:15:00,569.25,569.37,569.205,569.31,103549.0
2025-07-30 13:20:00,569.31,569.36,569.0899,569.12,131197.0
2025-07-30 13:25:00,569.12,569.22,569.08,569.1001,113821.0
2025-07-30 13:30:00,569.12,569.3693,569.05,569.3591,149505.0
2025-07-30 13:35:00,569.34,569.52,569.23,569.515,153449.0
2025-07-30 13:40:00,569.52,569.705,569.51,569.63,228809.0
2025-07-30 13:45:00,569.64,569.64,569.29,569.32,147699.0
2025-07-30 13:50:00,569.32,569.46,569.1,569.39,144029.0
2025-07-30 13:55:00,569.42,569.61,569.365,569.46,134980.0
2025-07-30 14:00:00,569.44,569.9,568.77,569.19,556845.0
2025-07-30 14:05:00,569.25,569.63,569.165,569.54,324043.0
2025-07-30 14:10:00,569.52,569.82,569.39,569.48,292852.0
2025-07-30 14:15:00,569.45,569.6,569.2893,569.355,245719.0
2025-07-30 14:20:00,569.33,569.63,569.28,569.51,781372.0
2025-07-30 14:25:00,569.53,569.87,569.465,569.79,288872.0
2025-07-30 14:30:00,569.8,570.34,569.6947,570.2,691341.0
2025-07-30 14:35:00,570.21,570.62,569.235,569.4652,1316172.0
2025-07-30 14:40:00,569.46,569.88,568.83,569.667,848747.0
2025-07-30 14:45:00,569.655,569.99,568.8,568.98,972280.0
2025-07-30 14:50:00,568.99,569.005,567.98,568.09,1517243.0
2025-07-30 14:55:00,568.08,568.44,566.07,566.39,1997246.0
2025-07-30 15:00:00,566.36,566.65,565.05,565.7,2361624.0
2025-07-30 15:05:00,565.69,566.57,565.08,566.37,1484800.0
2025-07-30 15:10:00,566.42,567.74,565.94,567.05,1504468.0
2025-07-30 15:15:00,567.05,567.42,566.41,566.64,1237614.0
2025-07-30 15:20:00,566.6,567.12,565.72,565.815,868820.0
2025-07-30 15:25:00,565.8,566.24,565.56,565.98,725164.0
2025-07-30 15:30:00,566.0,566.73,565.92,566.42,808540.0
2025-07-30 15:35:00,566.41,566.67,565.8883,565.93,603860.0
2025-07-30 15:40:00,565.92,566.59,565.7,565.93,594991.0
2025-07-30 15:45:00,565.93,566.93,565.93,566.6488,1018569.0
2025-07-30 15:50:00,566.65,567.69,566.65,567.38,1050439.0
2025-07-30 15:55:00,567.39,568.27,566.9,568.1,2132345.0
2025-07-30 16:00:00,568.12,571.69,567.8,570.21,1195043.0
2025-07-31 09:35:00,572.85,572.89,571.94,572.39,1326721.0
2025-07-31 09:40:00,572.38,572.54,571.4696,571.8307,893601.0
2025-07-31 09:45:00,571.84,572.43,571.2,572.05,1293025.0
2025-07-31 09:50:00,572.05,573.185,571.9401,572.945,919870.0
2025-07-31 09:55:00,572.95,573.47,572.66,572.66,838940.0
2025-07-31 10:00:00,572.665,573.19,572.59,572.7,708912.0
2025-07-31 10:05:00,572.7,574.34,572.5,573.05,576327.0
2025-07-31 10:10:00,573.04,573.08,572.072,572.68,737352.0
2025-07-31 10:15:00,572.69,572.95,572.43,572.78,541994.0
2025-07-31 10:20:00,572.8,572.8,571.8,572.26,723886.0
2025-07-31 10:25:00,572.26,572.28,571.5,571.9301,534198.0
2025-07-31 10:30:00,571.93,572.32,571.35,571.475,436230.0
2025-07-31 10:35:00,571.47,571.7813,570.96,571.63,722031.0
2025-07-31 10:40:00,571.61,571.68,570.96,571.45,457752.0
2025-07-31 10:45:00,571.42,571.48,570.62,571.07,697741.0
2025-07-31 10:50:00,571.05,571.22,569.97,570.22,813206.0
2025-07-31 10:55:00,570.21,570.4,569.42,569.58,998756.0
2025-07-31 11:00:00,569.57,570.58,569.53,570.355,848491.0
2025-07-31 11:05:00,570.35,570.59,569.545,569.72,653414.0
2025-07-31 11:10:00,569.7,569.8,568.69,568.69,787090.0
2025-07-31 11:15:00,568.69,568.89,568.175,568.67,803193.0
2025-07-31 11:20:00,568.65,569.27,568.41,568.5,755859.0
2025-07-31 11:25:00,568.49,569.53,568.37,569.42,630023.0
2025-07-31 11:30:00,569.43,570.03,569.3,569.74,522114.0
2025-07-31 11:35:00,569.685,570.43,569.685,570.4299,352124.0
2025-07-31 11:40:00,570.4,570.549,570.18,570.51,416953.0
2025-07-31 11:45:00,570.51,570.6,570.07,570.09,471764.0
2025-07-31 11:50:00,570.11,570.41,569.96,570.175,379836.0
2025-07-31 11:55:00,570.19,570.6,570.07,570.6,319482.0
2025-07-31 12:00:00,570.6,570.83,570.46,570.465,492107.0
2025-07-31 12:05:00,570.46,570.87,570.33,570.83,319463.0
2025-07-31 12:10:00,570.84,571.0,570.68,570.9401,365099.0
2025-07-31 12:15:00,570.94,571.09,570.82,570.95,317076.0
2025-07-31 12:20:00,570.96,571.18,570.84,571.1,291062.0
2025-07-31 12:25:00,571.1006,571.35,570.92,571.14,522667.0
2025-07-31 12:30:00,571.15,571.42,571.0148,571.0801,372338.0
2025-07-31 12:35:00,571.08,571.1799,570.625,570.8012,369104.0
2025-07-31 12:40:00,570.83,571.07,570.77,570.93,262752.0
2025-07-31 12:45:00,570.905,570.96,570.085,570.47,409880.0
2025-07-31 12:50:00,570.47,570.5518,569.975,570.45,679997.0
2025-07-31 12:55:00,570.45,570.51,570.18,570.275,257458.0
2025-07-31 13:00:00,570.29,570.315,569.61,569.63,421339.0
2025-07-31 13:05:00,569.62,570.02,569.6,569.71,283821.0
2025-07-31 13:10:00,569.7,569.94,569.49,569.55,383499.0
2025-07-31 13:15:00,569.55,569.63,568.97,569.16,498638.0
2025-07-31 13:20:00,569.15,569.235,568.47,568.5,671628.0
2025-07-31 13:25:00,568.51,568.52,567.05,567.441,1107310.0
2025-07-31 13:30:00,567.48,567.61,566.67,567.32,1106292.0
2025-07-31 13:35:00,567.33,568.12,567.3,567.89,715504.0
2025-07-31 13:40:00,567.875,568.1783,567.48,568.0993,458963.0
2025-07-31 13:45:00,568.1,568.47,567.37,567.4612,518497.0
2025-07-31 13:50:00,567.46,567.47,565.96,566.12,864726.0
2025-07-31 13:55:00,566.12,566.24,565.33,565.9,1270538.0
2025-07-31 14:00:00,565.89,566.6,565.7,565.85,787919.0
2025-07-31 14:05:00,565.84,566.2,565.14,565.435,750616.0
2025-07-31 14:10:00,565.45,565.9,565.0,565.01,713472.0
2025-07-31 14:15:00,565.0,565.08,563.87,565.02,1287716.0
2025-07-31 14:20:00,565.045,566.01,564.93,565.85,721856.0
2025-07-31 14:25:00,565.86,566.6252,565.74,566.59,2146818.0
2025-07-31 14:30:00,566.58,567.28,566.5,567.04,704534.0
2025-07-31 14:35:00,567.02,567.4207,566.84,567.09,504605.0
2025-07-31 14:40:00,567.06,567.47,566.98,567.385,429758.0
2025-07-31 14:45:00,567.38,567.71,567.155,567.19,360268.0
2025-07-31 14:50:00,567.18,567.395,566.87,566.99,734087.0
2025-07-31 14:55:00,567.01,567.16,566.38,566.49,462191.0
2025-07-31 15:00:00,566.49,567.17,566.49,566.91,810536.0
2025-07-31 15:05:00,566.92,567.1501,566.64,566.7,334060.0
2025-07-31 15:10:00,566.69,567.06,566.05,566.192,549230.0
2025-07-31 15:15:00,566.19,566.55,565.7199,566.32,650429.0
2025-07-31 15:20:00,566.32,566.63,565.7101,565.92,590730.0
2025-07-31 15:25:00,565.93,566.06,565.4,565.5607,675592.0
2025-07-31 15:30:00,565.61,566.09,565.59,565.9,753159.0
2025-07-31 15:35:00,565.885,566.04,565.32,565.49,607215.0
2025-07-31 15:40:00,565.5,566.38,565.5,566.36,1045903.0
2025-07-31 15:45:00,566.375,566.49,565.215,565.3207,1039944.0
2025-07-31 15:50:00,565.27,565.77,564.05,564.31,2053705.0
2025-07-31 15:55:00,564.34,565.5,564.0118,565.0,3089343.0
2025-07-31 16:00:00,565.01,567.36,564.0,565.215,1823594.0
2025-08-01 09:35:00,557.03,557.51,556.15,556.53,2171235.0
2025-08-01 09:40:00,556.53,556.53,554.75,554.77,1830645.0
2025-08-01 09:45:00,554.79,555.0,553.48,553.48,2044207.0
2025-08-01 09:50:00,553.48,554.5,553.32,553.85,1990940.0
2025-08-01 09:55:00,553.85,554.42,553.62,553.8002,1194439.0
2025-08-01 10:00:00,553.73,553.81,551.88,553.38,1929776.0
2025-08-01 10:05:00,553.38,554.33,552.715,554.08,1497504.0
2025-08-01 10:10:00,554.07,558.6,554.01,554.535,2012145.0
2025-08-01 10:15:00,554.53,555.79,554.46,555.15,1675033.0
2025-08-01 10:20:00,555.16,556.02,554.86,555.94,1158939.0
2025-08-01 10:25:00,555.91,556.38,555.415,556.38,934123.0
2025-08-01 10:30:00,556.38,557.26,556.08,556.96,1117668.0
2025-08-01 10:35:00,556.95,557.23,556.17,556.26,994348.0
2025-08-01 10:40:00,556.28,556.71,555.635,555.74,989515.0
2025-08-01 10:45:00,555.74,557.02,555.4,555.7001,876800.0
2025-08-01 10:50:00,555.63,555.94,554.93,555.24,590217.0
2025-08-01 10:55:00,555.26,555.88,554.78,555.035,448128.0
2025-08-01 11:00:00,555.03,555.24,554.36,554.91,831887.0
2025-08-01 11:05:00,554.92,555.49,554.85,555.07,518587.0
2025-08-01 11:10:00,555.05,555.74,554.77,554.9,501566.0
2025-08-01 11:15:00,554.86,555.7,554.745,554.99,477051.0
2025-08-01 11:20:00,554.975,555.445,554.52,554.57,693974.0
2025-08-01 11:25:00,554.59,554.93,554.32,554.3782,379135.0
2025-08-01 11:30:00,554.37,554.8,554.23,554.42,934316.0
2025-08-01 11:35:00,554.43,555.7,554.36,555.6006,533081.0
2025-08-01 11:40:00,555.61,556.61,555.55,556.59,539762.0
2025-08-01 11:45:00,556.57,557.16,556.3504,556.67,585703.0
2025-08-01 11:50:00,556.69,556.76,556.265,556.6118,687293.0
2025-08-01 11:55:00,556.63,556.95,556.315,556.915,481831.0
2025-08-01 12:00:00,556.92,557.5192,556.77,557.39,766766.0
2025-08-01 12:05:00,557.4,557.68,557.08,557.21,549440.0
2025-08-01 12:10:00,557.22,557.33,556.8,557.3,406036.0
2025-08-01 12:15:00,557.31,557.48,556.84,557.37,340495.0
2025-08-01 12:20:00,557.37,557.5196,556.92,557.33,299346.0
2025-08-01 12:25:00,557.32,557.841,556.93,556.96,339795.0
2025-08-01 12:30:00,556.96,557.17,556.58,557.17,499962.0
2025-08-01 12:35:00,557.17,557.22,556.37,556.48,329493.0
2025-08-01 12:40:00,556.48,556.49,555.69,555.88,470763.0
2025-08-01 12:45:00,555.85,556.335,555.51,555.6,348324.0
2025-08-01 12:50:00,555.62,555.66,554.75,554.89,470795.0
2025-08-01 12:55:00,554.89,555.065,553.68,553.84,816495.0
2025-08-01 13:00:00,553.83,554.3,553.38,553.56,906330.0
2025-08-01 13:05:00,553.57,554.17,553.2,553.975,924646.0
2025-08-01 13:10:00,553.99,554.11,553.4,553.435,519711.0
2025-08-01 13:15:00,553.43,553.67,553.15,553.27,411493.0
2025-08-01 13:20:00,553.26,553.7614,553.16,553.3152,507582.0
2025-08-01 13:25:00,553.3,553.42,552.84,553.13,444940.0
2025-08-01 13:30:00,553.11,553.89,553.04,553.42,503601.0
2025-08-01 13:35:00,553.41,553.4399,552.68,552.87,420024.0
2025-08-01 13:40:00,552.885,553.6,552.79,553.2,490442.0
2025-08-01 13:45:00,553.17,553.42,552.76,553.31,335900.0
2025-08-01 13:50:00,553.32,553.7,553.07,553.245,412755.0
2025-08-01 13:55:00,553.22,553.24,552.6,553.01,363594.0
2025-08-01 14:00:00,552.99,553.24,552.502,552.5867,515954.0
2025-08-01 14:05:00,552.58,552.89,551.68,552.145,800970.0
2025-08-01 14:10:00,552.12,552.46,551.77,552.055,663912.0
2025-08-01 14:15:00,552.04,552.84,552.015,552.54,431197.0
2025-08-01 14:20:00,552.52,553.3701,552.19,553.3701,485295.0
2025-08-01 14:25:00,553.36,554.3,553.22,554.12,542961.0
2025-08-01 14:30:00,554.12,554.77,553.87,554.36,548587.0
2025-08-01 14:35:00,554.36,554.79,554.23,554.765,372416.0
2025-08-01 14:40:00,554.77,555.34,554.62,555.3018,467055.0
2025-08-01 14:45:00,555.305,555.3584,554.395,554.58,500574.0
2025-08-01 14:50:00,554.57,554.595,553.2,553.27,786505.0
2025-08-01 14:55:00,553.29,554.02,553.08,553.6009,453634.0
2025-08-01 15:00:00,553.62,553.98,553.22,553.34,433570.0
2025-08-01 15:05:00,553.32,554.0893,553.32,553.675,377042.0
2025-08-01 15:10:00,553.62,553.925,553.45,553.74,473405.0
2025-08-01 15:15:00,553.72,554.34,553.61,554.289,419565.0
2025-08-01 15:20:00,554.29,554.3,553.36,554.03,433446.0
2025-08-01 15:25:00,554.02,554.07,553.52,553.78,412447.0
2025-08-01 15:30:00,553.78,554.07,552.81,553.945,1160437.0
2025-08-01 15:35:00,553.96,554.06,553.57,553.62,452766.0
2025-08-01 15:40:00,553.62,554.14,553.57,553.99,415975.0
2025-08-01 15:45:00,553.98,555.3,553.81,554.88,1257052.0
2025-08-01 15:50:00,554.89,555.43,553.58,554.35,1823052.0
2025-08-01 15:55:00,554.36,554.68,553.735,553.85,2200954.0
2025-08-01 16:00:00,553.85,554.19,553.73,553.92,2371097.0
2025-08-04 09:35:00,559.93,560.99,559.86,560.64,1697981.0
2025-08-04 09:40:00,560.64,561.54,560.4151,561.3799,1372188.0
2025-08-04 09:45:00,561.38,562.29,561.38,562.04,1579424.0
2025-08-04 09:50:00,562.05,562.29,561.592,562.267,1070123.0
2025-08-04 09:55:00,562.27,563.01,561.93,562.755,1102097.0
2025-08-04 10:00:00,562.77,563.07,562.59,562.79,926594.0
2025-08-04 10:05:00,562.79,562.965,562.33,562.335,694891.0
2025-08-04 10:10:00,562.33,562.89,561.98,562.8799,635542.0
2025-08-04 10:15:00,562.89,563.13,562.72,562.78,700387.0
2025-08-04 10:20:00,562.77,563.02,562.481,562.6,708100.0
2025-08-04 10:25:00,562.59,562.96,562.3652,562.83,391372.0
2025-08-04 10:30:00,562.85,562.88,562.215,562.78,441702.0
2025-08-04 10:35:00,562.79,562.95,562.59,562.69,421033.0
2025-08-04 10:40:00,562.7,562.72,561.98,562.113,498219.0
2025-08-04 10:45:00,562.09,562.95,561.79,562.79,608025.0
2025-08-04 10:50:00,562.81,562.839,561.64,561.69,745734.0
2025-08-04 10:55:00,561.7,562.02,561.51,562.02,600594.0
2025-08-04 11:00:00,562.01,562.205,561.35,562.04,556684.0
2025-08-04 11:05:00,562.03,562.07,561.51,561.935,443676.0
2025-08-04 11:10:00,561.92,562.09,561.64,561.95,376365.0
2025-08-04 11:15:00,561.96,562.055,561.43,561.59,408128.0
2025-08-04 11:20:00,561.6,561.92,561.45,561.89,331259.0
2025-08-04 11:25:00,561.88,562.22,561.88,561.93,482110.0
2025-08-04 11:30:00,561.91,562.23,561.73,562.09,352694.0
2025-08-04 11:35:00,562.09,562.33,561.9448,562.15,303640.0
2025-08-04 11:40:00,562.18,562.25,561.62,561.885,421899.0
2025-08-04 11:45:00,561.89,562.17,561.75,562.14,601345.0
2025-08-04 11:50:00,562.13,562.66,562.02,562.645,385119.0
2025-08-04 11:55:00,562.65,563.2,562.6,562.97,565708.0
2025-08-04 12:00:00,562.97,563.29,562.84,563.0195,660959.0
2025-08-04 12:05:00,563.03,563.21,562.94,563.12,393189.0
2025-08-04 12:10:00,563.14,563.28,562.9599,563.07,297978.0
2025-08-04 12:15:00,563.07,563.35,563.03,563.29,271759.0
2025-08-04 12:20:00,563.3,563.44,563.14,563.28,240641.0
2025-08-04 12:25:00,563.29,563.51,563.21,563.22,314427.0
2025-08-04 12:30:00,563.215,563.4,563.16,563.3301,499343.0
2025-08-04 12:35:00,563.34,563.465,563.15,563.17,207541.0
2025-08-04 12:40:00,563.17,563.2,562.955,563.115,282320.0
2025-08-04 12:45:00,563.11,563.41,563.1,563.27,775442.0
2025-08-04 12:50:00,563.27,563.58,563.21,563.5177,488077.0
2025-08-04 12:55:00,563.51,563.525,563.23,563.37,413893.0
2025-08-04 13:00:00,563.36,563.505,563.265,563.405,251036.0
2025-08-04 13:05:00,563.41,563.51,563.28,563.495,332604.0
2025-08-04 13:10:00,563.5,563.68,563.45,563.67,296461.0
2025-08-04 13:15:00,563.67,563.71,563.5,563.69,213998.0
2025-08-04 13:20:00,563.69,563.7,563.45,563.7,247150.0
2025-08-04 13:25:00,563.71,563.71,563.51,563.605,409564.0
2025-08-04 13:30:00,563.61,563.735,563.525,563.58,271700.0
2025-08-04 13:35:00,563.58,563.61,563.4,563.5,198270.0
2025-08-04 13:40:00,563.5,563.52,563.12,563.185,272518.0
2025-08-04 13:45:00,563.1999,563.32,562.69,563.2248,393289.0
2025-08-04 13:50:00,563.2399,563.44,563.075,563.27,285610.0
2025-08-04 13:55:00,563.28,563.38,563.17,563.3353,178475.0
2025-08-04 14:00:00,563.34,563.57,563.28,563.55,353337.0
2025-08-04 14:05:00,563.55,563.71,563.39,563.39,394768.0
2025-08-04 14:10:00,563.39,563.608,563.11,563.23,366802.0
2025-08-04 14:15:00,563.22,563.35,563.12,563.22,371443.0
2025-08-04 14:20:00,563.22,563.445,563.22,563.35,293680.0
2025-08-04 14:25:00,563.35,563.44,563.2,563.275,380869.0
2025-08-04 14:30:00,563.27,563.47,563.18,563.42,311074.0
2025-08-04 14:35:00,563.39,563.5599,563.29,563.39,299744.0
2025-08-04 14:40:00,563.38,563.42,563.06,563.155,262655.0
2025-08-04 14:45:00,563.16,563.28,563.09,563.25,158811.0
2025-08-04 14:50:00,563.25,563.2799,563.08,563.11,285313.0
2025-08-04 14:55:00,563.115,563.235,563.07,563.17,171480.0
2025-08-04 15:00:00,563.17,563.3667,563.09,563.1,222405.0
2025-08-04 15:05:00,563.09,563.35,563.02,563.26,223971.0
2025-08-04 15:10:00,563.25,563.55,563.19,563.45,296318.0
2025-08-04 15:15:00,563.46,564.12,563.43,563.72,559281.0
2025-08-04 15:20:00,563.72,563.83,563.64,563.75,306882.0
2025-08-04 15:25:00,563.75,563.75,563.28,563.3,345932.0
2025-08-04 15:30:00,563.3,563.365,563.01,563.15,692635.0
2025-08-04 15:35:00,563.14,563.26,562.98,563.2433,405843.0
2025-08-04 15:40:00,563.24,563.57,563.24,563.35,485116.0
2025-08-04 15:45:00,563.35,563.5295,563.3,563.46,409817.0
2025-08-04 15:50:00,563.45,564.08,563.3,563.9,1240099.0
2025-08-04 15:55:00,563.905,564.315,563.82,564.1,3358688.0
2025-08-04 16:00:00,564.1,564.36,553.9286,563.98,2677946.0
2025-08-05 09:35:00,564.44,565.73,564.42,565.47,1036253.0
2025-08-05 09:40:00,565.47,565.74,565.23,565.58,724853.0
2025-08-05 09:45:00,565.58,566.5607,565.55,566.17,1031941.0
2025-08-05 09:50:00,566.16,566.45,565.73,566.36,558201.0
2025-08-05 09:55:00,566.37,566.4,565.76,566.07,371743.0
2025-08-05 10:00:00,566.01,566.15,564.8,564.87,1410618.0
2025-08-05 10:05:00,564.87,565.4,564.608,565.09,668011.0
2025-08-05 10:10:00,565.09,565.46,564.38,564.522,663325.0
2025-08-05 10:15:00,564.53,564.78,564.03,564.43,656059.0
2025-08-05 10:20:00,564.42,564.42,563.65,563.7452,587778.0
2025-08-05 10:25:00,563.73,564.08,563.28,563.95,633673.0
2025-08-05 10:30:00,563.95,563.995,562.98,563.0,537798.0
2025-08-05 10:35:00,563.0,563.09,562.38,562.5985,979911.0
2025-08-05 10:40:00,562.59,562.95,561.245,561.47,907127.0
2025-08-05 10:45:00,561.47,561.505,560.33,560.3401,1286838.0
2025-08-05 10:50:00,560.34,561.32,560.3,560.765,1093885.0
2025-08-05 10:55:00,560.74,561.5,560.68,561.36,838334.0
2025-08-05 11:00:00,561.35,561.99,560.64,561.75,1138945.0
2025-08-05 11:05:00,561.72,562.16,561.72,561.8099,585722.0
2025-08-05 11:10:00,561.81,562.2434,560.86,562.17,715283.0
2025-08-05 11:15:00,562.17,562.2671,561.25,561.5648,644365.0
2025-08-05 11:20:00,561.59,561.83,560.79,560.99,443609.0
2025-08-05 11:25:00,561.0,561.28,560.771,561.11,363534.0
2025-08-05 11:30:00,561.09,561.43,560.83,560.93,439382.0
2025-08-05 11:35:00,560.92,560.92,559.91,560.26,660062.0
2025-08-05 11:40:00,560.25,560.6,559.73,560.48,695710.0
2025-08-05 11:45:00,560.48,561.05,560.27,560.28,433210.0
2025-08-05 11:50:00,560.28,560.655,559.88,560.56,573043.0
2025-08-05 11:55:00,560.54,560.96,560.36,560.76,422552.0
2025-08-05 12:00:00,560.74,561.26,560.7,561.23,577065.0
2025-08-05 12:05:00,561.22,561.84,561.17,561.19,552929.0
2025-08-05 12:10:00,561.19,561.69,561.19,561.5201,280731.0
2025-08-05 12:15:00,561.54,561.81,561.51,561.735,289657.0
2025-08-05 12:20:00,561.71,562.08,561.53,561.6,560793.0
2025-08-05 12:25:00,561.61,561.82,561.53,561.76,257303.0
2025-08-05 12:30:00,561.73,562.41,561.7,562.03,623611.0
2025-08-05 12:35:00,562.03,562.05,561.57,561.645,250069.0
2025-08-05 12:40:00,561.63,561.69,560.86,561.06,448388.0
2025-08-05 12:45:00,561.05,561.05,560.3,560.75,438364.0
2025-08-05 12:50:00,560.7301,561.709,560.72,561.56,432661.0
2025-08-05 12:55:00,561.54,561.66,561.12,561.33,242772.0
2025-08-05 13:00:00,561.31,561.5,561.01,561.3,228271.0
2025-08-05 13:05:00,561.27,561.54,561.06,561.39,285169.0
2025-08-05 13:10:00,561.3852,561.59,561.31,561.47,189558.0
2025-08-05 13:15:00,561.45,561.64,561.08,561.58,220925.0
2025-08-05 13:20:00,561.57,561.7,561.37,561.685,169337.0
2025-08-05 13:25:00,561.68,562.16,561.64,562.0513,243288.0
2025-08-05 13:30:00,562.06,562.14,561.8401,561.92,286626.0
2025-08-05 13:35:00,561.9112,562.365,561.84,562.26,300657.0
2025-08-05 13:40:00,562.26,562.365,562.13,562.2299,231655.0
2025-08-05 13:45:00,562.2101,562.7,562.19,562.6,410558.0
2025-08-05 13:50:00,562.6,562.8,562.52,562.8,237663.0
2025-08-05 13:55:00,562.8,563.07,562.73,562.79,342348.0
2025-08-05 14:00:00,562.8,562.97,562.5201,562.79,423249.0
2025-08-05 14:05:00,562.78,562.96,562.5801,562.6601,303675.0
2025-08-05 14:10:00,562.66,562.68,562.3,562.3,370496.0
2025-08-05 14:15:00,562.31,562.36,561.61,561.665,487002.0
2025-08-05 14:20:00,561.65,561.82,561.48,561.55,447436.0
2025-08-05 14:25:00,561.54,561.66,561.2393,561.312,338004.0
2025-08-05 14:30:00,561.3,561.68,560.7,561.1805,671819.0
2025-08-05 14:35:00,561.17,561.26,560.81,560.9979,414699.0
2025-08-05 14:40:00,560.99,561.05,560.61,560.91,366726.0
2025-08-05 14:45:00,560.9399,561.14,560.18,560.71,572216.0
2025-08-05 14:50:00,560.72,560.7799,559.785,560.25,773158.0
2025-08-05 14:55:00,560.23,560.63,559.91,560.55,411314.0
2025-08-05 15:00:00,560.56,560.795,560.41,560.66,591105.0
2025-08-05 15:05:00,560.67,560.72,560.33,560.48,349032.0
2025-08-05 15:10:00,560.48,560.83,560.31,560.705,328685.0
2025-08-05 15:15:00,560.7,560.87,560.45,560.838,414110.0
2025-08-05 15:20:00,560.8399,561.0891,560.79,560.98,464832.0
2025-08-05 15:25:00,560.98,561.1899,560.5,561.12,361549.0
2025-08-05 15:30:00,561.12,561.26,560.93,561.0,553356.0
2025-08-05 15:35:00,560.99,561.055,560.555,560.77,384793.0
2025-08-05 15:40:00,560.77,560.85,560.4,560.44,614494.0
2025-08-05 15:45:00,560.445,560.665,560.12,560.34,554074.0
2025-08-05 15:50:00,560.34,560.9052,560.25,560.53,956883.0
2025-08-05 15:55:00,560.51,560.535,559.89,560.19,2091556.0
2025-08-05 16:00:00,560.2,565.35,559.95,560.4901,1084202.0
2025-08-06 09:35:00,562.34,562.54,560.74,560.8955,1064460.0
2025-08-06 09:40:00,560.9,561.93,560.63,561.91,632692.0
2025-08-06 09:45:00,561.91,562.805,561.47,562.29,854452.0
2025-08-06 09:50:00,562.3,562.85,561.24,562.56,623878.0
2025-08-06 09:55:00,562.55,562.93,561.8,561.92,768734.0
2025-08-06 10:00:00,561.91,563.52,561.17,563.51,817421.0
2025-08-06 10:05:00,563.53,563.89,563.32,563.73,778306.0
2025-08-06 10:10:00,563.73,563.73,562.32,562.32,699601.0
2025-08-06 10:15:00,562.33,562.74,561.98,562.38,560265.0
2025-08-06 10:20:00,562.38,562.61,561.0,561.41,653006.0
2025-08-06 10:25:00,561.43,561.98,561.06,561.83,533060.0
2025-08-06 10:30:00,561.85,562.12,561.36,561.9599,521540.0
2025-08-06 10:35:00,561.94,563.06,561.79,562.96,576572.0
2025-08-06 10:40:00,562.88,563.34,562.72,563.15,496783.0
2025-08-06 10:45:00,563.16,563.4946,562.76,562.87,432466.0
2025-08-06 10:50:00,562.89,563.31,562.48,563.3,542131.0
2025-08-06 10:55:00,563.3,563.93,563.29,563.8351,711819.0
2025-08-06 11:00:00,563.84,564.08,563.43,563.52,467688.0
2025-08-06 11:05:00,563.52,564.0399,563.27,564.005,420544.0
2025-08-06 11:10:00,564.01,564.23,563.61,564.15,477984.0
2025-08-06 11:15:00,564.145,564.66,564.07,564.525,611887.0
2025-08-06 11:20:00,564.53,564.87,564.33,564.65,575396.0
2025-08-06 11:25:00,564.64,565.035,564.59,564.88,522104.0
2025-08-06 11:30:00,564.86,565.335,564.8,565.17,523928.0
2025-08-06 11:35:00,565.1706,565.38,564.57,564.72,610025.0
2025-08-06 11:40:00,564.74,565.21,564.26,565.1446,537849.0
2025-08-06 11:45:00,565.15,565.46,565.09,565.405,317238.0
2025-08-06 11:50:00,565.41,566.09,565.375,566.025,538136.0
2025-08-06 11:55:00,566.025,566.06,565.75,565.91,262725.0
2025-08-06 12:00:00,565.91,566.21,565.66,566.205,610532.0
2025-08-06 12:05:00,566.19,566.34,566.07,566.2,423418.0
2025-08-06 12:10:00,566.21,566.22,565.77,565.96,308380.0
2025-08-06 12:15:00,565.95,566.27,565.9101,566.24,326426.0
2025-08-06 12:20:00,566.23,566.34,565.79,565.99,370215.0
2025-08-06 12:25:00,566.0,566.02,565.71,565.92,201384.0
2025-08-06 12:30:00,565.915,565.95,565.54,565.78,421189.0
2025-08-06 12:35:00,565.76,566.42,565.76,565.93,303785.0
2025-08-06 12:40:00,565.92,566.1,565.45,565.4999,359326.0
2025-08-06 12:45:00,565.5,566.06,565.38,566.02,310995.0
2025-08-06 12:50:00,566.0199,566.3,565.88,566.11,856710.0
2025-08-06 12:55:00,566.1,566.26,565.94,565.98,175495.0
2025-08-06 13:00:00,565.98,566.3245,565.79,566.1,299010.0
2025-08-06 13:05:00,566.1,566.1384,565.73,566.02,214719.0
2025-08-06 13:10:00,566.02,566.14,565.76,565.85,306064.0
2025-08-06 13:15:00,565.84,566.03,565.7,566.0151,190083.0
2025-08-06 13:20:00,566.02,566.15,565.8919,565.98,208945.0
2025-08-06 13:25:00,565.99,566.17,565.85,566.15,159502.0
2025-08-06 13:30:00,566.14,566.28,565.9145,566.25,291840.0
2025-08-06 13:35:00,566.26,566.3884,566.21,566.38,214379.0
2025-08-06 13:40:00,566.38,566.61,566.23,566.485,349497.0
2025-08-06 13:45:00,566.49,566.5,566.04,566.09,202843.0
2025-08-06 13:50:00,566.08,566.1512,565.85,565.87,310564.0
2025-08-06 13:55:00,565.87,566.138,565.825,566.04,339177.0
2025-08-06 14:00:00,566.05,566.59,565.99,566.5699,333974.0
2025-08-06 14:05:00,566.575,567.03,566.47,566.79,479543.0
2025-08-06 14:10:00,566.8,567.05,566.6,566.93,241025.0
2025-08-06 14:15:00,566.93,567.085,566.785,566.88,284981.0
2025-08-06 14:20:00,566.89,567.16,566.84,567.1055,227747.0
2025-08-06 14:25:00,567.1,567.24,567.01,567.17,199247.0
2025-08-06 14:30:00,567.17,567.3885,567.05,567.355,301211.0
2025-08-06 14:35:00,567.36,567.54,567.26,567.27,603908.0
2025-08-06 14:40:00,567.3,567.37,567.04,567.2957,365255.0
2025-08-06 14:45:00,567.31,567.4,567.175,567.34,402624.0
2025-08-06 14:50:00,567.35,567.49,567.14,567.33,289937.0
2025-08-06 14:55:00,567.34,567.37,566.95,567.065,351565.0
2025-08-06 15:00:00,567.07,567.47,567.01,567.39,297038.0
2025-08-06 15:05:00,567.39,567.39,567.09,567.18,366131.0
2025-08-06 15:10:00,567.18,567.225,566.99,567.1,363581.0
2025-08-06 15:15:00,567.12,567.5,567.08,567.44,278200.0
2025-08-06 15:20:00,567.44,567.64,567.41,567.64,407231.0
2025-08-06 15:25:00,567.64,567.68,567.31,567.42,344722.0
2025-08-06 15:30:00,567.41,567.76,567.27,567.61,554759.0
2025-08-06 15:35:00,567.59,567.6945,567.43,567.66,309277.0
2025-08-06 15:40:00,567.6599,567.7,567.195,567.23,521606.0
2025-08-06 15:45:00,567.245,567.3699,567.1199,567.33,635318.0
2025-08-06 15:50:00,567.32,567.32,566.905,567.18,985572.0
2025-08-06 15:55:00,567.18,567.39,566.89,567.32,2032121.0
2025-08-06 16:00:00,567.32,567.34,565.339,566.96,1343546.0
2025-08-07 09:35:00,571.96,572.3982,571.46,572.39,931683.0
2025-08-07 09:40:00,572.38,572.75,571.52,571.76,851693.0
2025-08-07 09:45:00,571.75,571.86,570.8895,571.63,975093.0
2025-08-07 09:50:00,571.65,572.39,571.64,572.05,634715.0
2025-08-07 09:55:00,572.03,573.02,571.78,572.92,905188.0
2025-08-07 10:00:00,572.92,573.32,572.3099,572.55,919925.0
2025-08-07 10:05:00,572.54,572.9499,571.72,571.76,1044917.0
2025-08-07 10:10:00,571.73,571.965,571.12,571.83,804715.0
2025-08-07 10:15:00,571.82,572.2,571.39,571.68,558247.0
2025-08-07 10:20:00,571.7,571.965,570.68,570.76,646620.0
2025-08-07 10:25:00,570.76,571.0645,570.26,571.025,722436.0
2025-08-07 10:30:00,571.03,571.085,570.21,570.8346,575056.0
2025-08-07 10:35:00,570.84,571.16,570.34,571.065,465597.0
2025-08-07 10:40:00,571.06,571.195,570.56,571.13,414536.0
2025-08-07 10:45:00,571.13,571.46,570.15,571.0901,612678.0
2025-08-07 10:50:00,571.09,571.125,570.14,570.485,428227.0
2025-08-07 10:55:00,570.48,570.48,569.67,570.15,581591.0
2025-08-07 11:00:00,570.15,570.6,569.47,569.95,623361.0
2025-08-07 11:05:00,569.89,570.22,569.71,569.97,396315.0
2025-08-07 11:10:00,569.9945,570.4093,569.51,569.8431,432873.0
2025-08-07 11:15:00,569.82,570.52,569.33,570.2,546755.0
2025-08-07 11:20:00,570.18,570.64,570.17,570.48,405806.0
2025-08-07 11:25:00,570.49,570.565,569.16,569.48,643252.0
2025-08-07 11:30:00,569.465,569.98,569.24,569.56,472812.0
2025-08-07 11:35:00,569.575,569.895,569.39,569.55,421719.0
2025-08-07 11:40:00,569.54,569.67,569.2,569.44,260617.0
2025-08-07 11:45:00,569.42,569.6399,568.69,568.71,564657.0
2025-08-07 11:50:00,568.71,569.66,568.71,569.58,365850.0
2025-08-07 11:55:00,569.58,569.78,569.19,569.19,268593.0
2025-08-07 12:00:00,569.17,569.41,568.32,569.03,502812.0
2025-08-07 12:05:00,569.01,569.08,568.56,568.67,316074.0
2025-08-07 12:10:00,568.67,569.43,568.27,569.21,432660.0
2025-08-07 12:15:00,569.22,569.55,568.82,568.9401,349128.0
2025-08-07 12:20:00,568.96,569.5,568.91,569.4,176329.0
2025-08-07 12:25:00,569.41,569.53,568.95,569.08,230061.0
2025-08-07 12:30:00,569.07,569.4,568.88,569.05,307366.0
2025-08-07 12:35:00,569.0899,569.3,568.371,568.4546,287479.0
2025-08-07 12:40:00,568.42,568.4399,567.02,567.08,911522.0
2025-08-07 12:45:00,567.07,567.53,566.575,567.49,780693.0
2025-08-07 12:50:00,567.47,568.76,567.46,568.69,611977.0
2025-08-07 12:55:00,568.65,568.89,568.2,568.2701,450156.0
2025-08-07 13:00:00,568.27,568.8874,567.48,567.95,417168.0
2025-08-07 13:05:00,567.92,568.38,567.72,568.09,371293.0
2025-08-07 13:10:00,568.11,568.23,567.52,567.7645,287532.0
2025-08-07 13:15:00,567.78,567.92,567.16,567.41,315770.0
2025-08-07 13:20:00,567.41,568.1799,567.36,568.13,273147.0
2025-08-07 13:25:00,568.1,568.2,566.98,567.0,391775.0
2025-08-07 13:30:00,566.99,567.17,566.54,566.78,490018.0
2025-08-07 13:35:00,566.78,567.06,566.375,567.01,535118.0
2025-08-07 13:40:00,567.01,567.39,566.82,567.2,405951.0
2025-08-07 13:45:00,567.18,567.42,566.9646,567.205,288997.0
2025-08-07 13:50:00,567.2,567.47,566.89,567.4,330404.0
2025-08-07 13:55:00,567.42,567.65,567.0,567.27,306718.0
2025-08-07 14:00:00,567.27,567.54,566.64,567.15,389448.0
2025-08-07 14:05:00,567.14,567.24,566.3,566.41,332666.0
2025-08-07 14:10:00,566.44,566.5,565.49,565.84,573235.0
2025-08-07 14:15:00,565.85,565.85,565.11,565.25,650301.0
2025-08-07 14:20:00,565.26,565.61,565.11,565.25,442990.0
2025-08-07 14:25:00,565.24,566.1999,565.155,566.052,406506.0
2025-08-07 14:30:00,566.06,566.075,565.5516,565.995,358655.0
2025-08-07 14:35:00,565.99,566.43,565.7893,566.16,346747.0
2025-08-07 14:40:00,566.155,566.2,565.57,565.62,274447.0
2025-08-07 14:45:00,565.59,566.29,565.585,566.26,254855.0
2025-08-07 14:50:00,566.27,566.808,565.99,566.7899,456507.0
2025-08-07 14:55:00,566.78,567.3199,566.78,566.9601,432558.0
2025-08-07 15:00:00,566.96,567.22,566.65,566.9697,343025.0
2025-08-07 15:05:00,566.96,567.04,566.57,567.02,226638.0
2025-08-07 15:10:00,567.03,567.05,566.7,566.7,361577.0
2025-08-07 15:15:00,566.695,566.98,566.49,566.775,306124.0
2025-08-07 15:20:00,566.77,566.935,566.535,566.76,342615.0
2025-08-07 15:25:00,566.72,566.82,566.345,566.71,367173.0
2025-08-07 15:30:00,566.73,567.37,566.67,567.19,583893.0
2025-08-07 15:35:00,567.19,567.855,567.12,567.145,534447.0
2025-08-07 15:40:00,567.16,567.8325,567.16,567.79,463665.0
2025-08-07 15:45:00,567.76,568.16,567.72,567.94,434910.0
2025-08-07 15:50:00,567.95,568.32,567.83,568.0684,1191061.0
2025-08-07 15:55:00,568.07,569.31,568.07,569.2599,1979011.0
2025-08-07 16:00:00,569.26,569.86,567.3475,569.329,1142318.0
2025-08-08 09:35:00,570.55,571.32,570.47,571.31,667941.0
2025-08-08 09:40:00,571.29,572.14,571.075,571.88,764946.0
2025-08-08 09:45:00,571.9,572.86,571.9,572.48,863369.0
2025-08-08 09:50:00,572.47,572.67,572.14,572.352,587093.0
2025-08-08 09:55:00,572.36,572.98,572.35,572.835,480874.0
2025-08-08 10:00:00,572.85,573.05,572.575,572.99,709495.0
2025-08-08 10:05:00,572.98,573.42,572.77,573.41,923532.0
2025-08-08 10:10:00,573.4,573.67,572.64,572.76,798934.0
2025-08-08 10:15:00,572.76,573.27,572.43,573.17,493046.0
2025-08-08 10:20:00,573.18,573.4592,572.94,573.34,296694.0
2025-08-08 10:25:00,573.34,573.8,573.1,573.62,422534.0
2025-08-08 10:30:00,573.61,574.26,573.5651,574.055,712079.0
2025-08-08 10:35:00,574.055,574.18,573.9,573.99,408274.0
2025-08-08 10:40:00,574.0,574.18,573.5,573.875,727990.0
2025-08-08 10:45:00,573.88,573.94,573.6,573.84,429706.0
2025-08-08 10:50:00,573.82,573.86,573.27,573.3599,384849.0
2025-08-08 10:55:00,573.36,573.38,572.88,573.0593,487447.0
2025-08-08 11:00:00,573.07,573.295,572.86,573.285,1239133.0
2025-08-08 11:05:00,573.28,573.745,573.17,573.57,513727.0
2025-08-08 11:10:00,573.57,573.7,573.16,573.6955,269921.0
2025-08-08 11:15:00,573.71,573.77,573.47,573.52,293989.0
2025-08-08 11:20:00,573.53,573.65,573.28,573.5099,207047.0
2025-08-08 11:25:00,573.51,573.6,573.27,573.39,219610.0
2025-08-08 11:30:00,573.37,573.43,572.88,573.045,293978.0
2025-08-08 11:35:00,573.04,573.07,572.26,572.4901,898969.0
2025-08-08 11:40:00,572.49,572.57,572.11,572.3,299332.0
2025-08-08 11:45:00,572.3,573.04,572.14,572.93,403650.0
2025-08-08 11:50:00,572.95,573.47,572.94,573.41,366783.0
2025-08-08 11:55:00,573.41,573.75,573.38,573.74,411261.0
2025-08-08 12:00:00,573.74,574.13,573.66,573.94,370014.0
2025-08-08 12:05:00,573.94,574.08,573.79,573.95,249147.0
2025-08-08 12:10:00,573.95,573.98,573.6,573.83,227982.0
2025-08-08 12:15:00,573.85,574.34,573.77,574.13,397612.0
2025-08-08 12:20:00,574.14,574.21,573.94,574.1,188628.0
2025-08-08 12:25:00,574.09,574.2,573.79,574.0,203670.0
2025-08-08 12:30:00,574.0,574.1,573.8,573.93,180074.0
2025-08-08 12:35:00,573.94,574.07,573.825,574.0293,165069.0
2025-08-08 12:40:00,574.04,574.2,573.8749,574.02,198102.0
2025-08-08 12:45:00,574.02,574.1651,573.87,573.92,277834.0
2025-08-08 12:50:00,573.89,574.09,573.62,573.705,272659.0
2025-08-08 12:55:00,573.7,573.84,573.6236,573.64,228630.0
2025-08-08 13:00:00,573.63,573.73,573.22,573.66,294212.0
2025-08-08 13:05:00,573.66,573.77,573.3799,573.72,270886.0
2025-08-08 13:10:00,573.73,573.75,573.45,573.555,194062.0
2025-08-08 13:15:00,573.56,573.575,573.1319,573.34,244821.0
2025-08-08 13:20:00,573.3407,573.92,573.305,573.66,280566.0
2025-08-08 13:25:00,573.66,573.66,573.17,573.27,220344.0
2025-08-08 13:30:00,573.275,573.71,573.24,573.64,179610.0
2025-08-08 13:35:00,573.62,573.795,573.595,573.79,119801.0
2025-08-08 13:40:00,573.81,574.22,573.78,574.1198,203585.0
2025-08-08 13:45:00,574.12,574.18,573.885,574.04,222229.0
2025-08-08 13:50:00,574.04,574.16,573.9425,574.07,179965.0
2025-08-08 13:55:00,574.07,574.275,574.01,574.2,198355.0
2025-08-08 14:00:00,574.23,574.74,574.21,574.59,569708.0
2025-08-08 14:05:00,574.6,574.77,574.56,574.61,284293.0
2025-08-08 14:10:00,574.6,574.6,574.255,574.29,184622.0
2025-08-08 14:15:00,574.29,574.48,574.23,574.4,160198.0
2025-08-08 14:20:00,574.43,574.5549,574.32,574.34,184989.0
2025-08-08 14:25:00,574.34,574.39,573.97,574.36,376322.0
2025-08-08 14:30:00,574.37,574.56,574.36,574.56,203092.0
2025-08-08 14:35:00,574.56,574.63,574.25,574.29,276945.0
2025-08-08 14:40:00,574.28,574.46,574.28,574.435,176103.0
2025-08-08 14:45:00,574.44,574.57,574.275,574.5,145663.0
2025-08-08 14:50:00,574.51,574.64,574.38,574.62,439059.0
2025-08-08 14:55:00,574.62,574.64,574.45,574.48,198374.0
2025-08-08 15:00:00,574.461,574.56,574.31,574.39,253985.0
2025-08-08 15:05:00,574.39,574.47,574.305,574.4,167532.0
2025-08-08 15:10:00,574.4,574.48,574.32,574.39,192884.0
2025-08-08 15:15:00,574.395,574.635,574.3,574.635,349171.0
2025-08-08 15:20:00,574.63,574.71,574.42,574.45,346892.0
2025-08-08 15:25:00,574.45,574.55,574.32,574.375,286632.0
2025-08-08 15:30:00,574.37,574.37,574.06,574.235,367856.0
2025-08-08 15:35:00,574.23,574.24,574.025,574.07,371747.0
2025-08-08 15:40:00,574.06,574.22,573.76,573.86,494176.0
2025-08-08 15:45:00,573.86,573.96,573.67,573.78,777257.0
2025-08-08 15:50:00,573.79,574.4919,573.67,574.49,1198503.0
2025-08-08 15:55:00,574.48,574.68,574.17,574.55,1512106.0
2025-08-08 16:00:00,574.56,575.09,574.53,575.0,1932255.0
